group,algo,exp,seed,knee_time,knee_risk,knee_fixed_time,knee_fixed_risk,hv_ratio,igd,risk_max,k_steer_median,q_r_ratio_median,n_solutions,runtime_sec
experiments,nsga2,e1_baseline,0,42.93417531879857,2.8011392735841865,42.93417531879857,2.8011392735841865,0.998948420633816,0.029324364872845714,41.51732923604179,0.5712905391588148,996.4861972806284,60,0.28646747799939476
experiments,nsga2,e1_baseline,1,82.89243749464693,1.2745556990166609,43.9050917123593,2.6572150413670284,0.9959768772533124,0.22948292221809155,3.901115333979472,0.9039659268898117,982.1736791120625,60,0.29032165099852136
experiments,nsga2,e1_baseline,2,88.48719539346115,1.2131484248094153,43.73118522599865,2.6394252580955473,0.9927680508458547,0.23723272269182974,3.1489353717784914,0.6958196346331079,993.1632843749314,60,0.2659816689993022
experiments,nsga2,e1_baseline,3,90.52195037598393,1.1859656173721125,43.16694153100457,2.710337043018013,0.9908344703880914,0.24505516191207902,3.001397912297971,0.6173379926897387,994.1261544617075,60,0.2817676720005693
experiments,nsga2,e1_baseline,4,85.63363391491265,1.2400170035094489,43.560949718427274,2.688201654741131,0.9964466204150544,0.2279917869275417,4.032642254268614,0.7779323889651661,973.9000654825891,60,0.28110602100059623
experiments,nsga2,e1_baseline,5,89.51744738652958,1.1977248839545291,44.34491646454342,2.583876141438863,0.9949087377815126,0.2341243308596104,3.4527489535156093,0.6332413178550987,995.0272431136846,60,0.2697086699990905
experiments,nsga2,e1_baseline,6,79.52233790016648,1.3431397827731102,44.2856473172995,2.5981306175121373,0.9965691162651941,0.22964584057687076,4.157974028483709,1.1694447477292667,997.8979564826031,60,0.2873897419995046
experiments,nsga2,e1_baseline,7,92.18408878601889,1.1623238590265603,43.60338585502007,2.6886600822592603,0.9937829321973111,0.23536915735926264,3.2619833774792792,0.7928626346303524,989.0953735764034,60,0.28364610800053924
experiments,nsga2,e1_baseline,8,74.86714703948016,1.4050283087292528,43.238618839220756,2.725004804926072,0.9974823095748895,0.2207333613176913,4.8854062743794575,1.2929790401699615,989.913129359501,60,0.2700146360002691
experiments,nsga2,e1_baseline,9,88.32039617630727,1.2062707483925086,44.895716717621404,2.54411902908208,0.9938574608857738,0.2372852176286942,3.3102985007796777,0.5293072175819581,987.4336410527637,60,0.24383825700351736
experiments,nsga2,e1_baseline,10,62.15147765311222,1.7095268738353646,42.14222993730425,2.888029319894636,0.9979848335224031,0.16556187530505215,11.493462505334872,1.5146880364158224,981.7958352194173,60,0.28458792800302035
experiments,nsga2,e1_baseline,11,48.20440971896,2.318147549961789,44.81615011289884,2.7283509086583084,0.9985347581885238,0.032428301171431057,37.51365309180123,1.0011334845820474,979.9612403809856,60,0.27550838199749705
experiments,nsga2,e1_baseline,12,49.57483353703323,2.2697482665803954,42.154415212484,2.896657255312206,0.9987722084568272,0.07672073122200314,25.923409081936207,0.6234606460511091,967.5377754413478,60,0.29796323900154675
experiments,nsga2,e1_baseline,13,62.23296230327002,1.7155713636984011,42.460812569973434,2.8133009788021255,0.9987756948377847,0.17946231922480718,9.769520342025656,0.5702132475245982,996.5782497982347,60,0.30902850599886733
experiments,nsga2,e1_baseline,14,77.21925260882843,1.3603990801063341,42.87369876672359,2.738596707356362,0.9967346968841567,0.2197141971772819,5.118145085400578,0.8372402625431149,983.049954026425,60,0.2600381299998844
experiments,nsga2,e1_baseline,15,47.86885096358949,2.3449614279059694,41.422788563881944,2.957393133221279,0.9986721633011493,0.060990962768154806,31.161426829053866,0.7018915396115428,991.0932315160569,60,0.28135514099994907
experiments,nsga2,e1_baseline,16,81.8793431022984,1.308563200069214,43.156924218769326,2.7439630569263302,0.9971317852814696,0.2259508704829678,4.5129439637571345,0.5608434448389777,992.5864869319859,60,0.2869918879987381
experiments,nsga2,e1_baseline,17,75.4047966435099,1.388339232612306,41.217340250020484,3.019246648179993,0.9972777269179589,0.21317991929785612,5.681751399291209,1.1370114808075356,987.6835256927413,60,0.2811470039996493
experiments,nsga2,e1_baseline,18,93.27015414823612,1.1525792801515238,43.36871789151186,2.6760852900206067,0.9923861637979663,0.23753620425218597,3.1200059675419456,0.8373458436424597,995.4098461720878,60,0.27676611700007925
experiments,nsga2,e1_baseline,19,43.656751099122104,2.804428830832376,41.44505480278587,2.949661764330013,0.9989392422851976,0.021623389426552807,43.26701478175609,2.3379070079682283,990.5189734839364,60,0.27715051299674087
experiments,nsga2,e1_baseline,42,52.31702329894845,2.0839397175935837,44.48702810485489,2.627427011779624,0.999003293578282,0.09450862026407082,22.51748499424883,0.8288970536579912,983.6673909317947,60,0.2749900350027019
experiments,nsga3,e1_baseline,0,89.95563721498301,1.1947517867070683,49.657803594688964,2.2365842022640097,0.994459047196348,0.25868683378911034,3.6935202367730744,0.5578017743638677,994.3707947766599,13,0.39118744100051117
experiments,nsga3,e1_baseline,1,94.32041266668544,1.1496214236309183,42.5124101557406,2.7971346089337756,0.9855466875935154,0.2628228918232292,2.7971346089337756,0.8924580861389352,988.6339282912154,13,0.3248694659996545
experiments,nsga3,e1_baseline,2,90.15296765004898,1.1980257750434313,40.795209590795906,3.2707126028129365,0.9908551126133136,0.2652098938709559,3.2707126028129365,0.6970373892159456,993.6169090935529,13,0.35932691499692737
experiments,nsga3,e1_baseline,3,83.05532866613548,1.276782068585007,41.91188869842954,2.894453671183768,0.9874940573992551,0.2764635391796047,2.894453671183768,1.5882901589789329,958.5609894817787,13,0.3821021000003384
experiments,nsga3,e1_baseline,4,78.62289035974693,1.3327465678890198,48.52848106088712,2.32531833833209,0.9948660393218648,0.2536804943437996,4.437119273326156,0.7320530381005639,994.2411502573573,13,0.33194403200104716
experiments,nsga3,e1_baseline,5,85.88924274695033,1.2410333728214547,40.28656387007677,3.52667778663486,0.9923226447705819,0.26095170021046254,3.52667778663486,0.6761592301376881,980.5721751841586,13,0.3553622580002411
experiments,nsga3,e1_baseline,6,75.46587847713779,1.3847199634081606,47.88476518896717,2.3403815530188052,0.9940851071637058,0.2759980980211854,3.641306399633014,1.07761621887814,997.4730449205426,13,0.32709192000038456
experiments,nsga3,e1_baseline,7,79.0051990913597,1.3623280558276303,49.50241526767572,2.273864319684453,0.9910887790920998,0.2697482555934333,3.5164648680721147,2.8708713334471105,990.929763024088,13,0.33361936200162745
experiments,nsga3,e1_baseline,8,83.42437947733893,1.2697875117236594,42.45593915714628,3.231478118184699,0.9854278540696403,0.26396144109570485,3.231478118184699,0.8846702287948535,985.70398107604,13,0.32939949900173815
experiments,nsga3,e1_baseline,9,93.38566506903574,1.1526068293220535,41.46878691870894,2.958089964114922,0.9888856610526761,0.26577001033712405,2.958089964114922,0.8466031287902656,992.949463963101,13,0.36093236499800696
experiments,nsga3,e1_baseline,10,56.96110053330366,1.8742510956634781,45.03719689175301,2.538394574569695,0.9930726750235412,0.2518013775354693,8.393936630672215,0.6777035894889076,985.9828875326648,12,0.3633304259965371
experiments,nsga3,e1_baseline,11,73.68060232191215,1.4305352793168273,47.86280858982557,2.4025556107574753,0.9945369543528771,0.26728213744213836,3.9680342314432027,1.0759202459073498,969.9226974978246,13,0.34037220900063403
experiments,nsga3,e1_baseline,12,65.42759671606744,1.6074783128374888,44.7688519526785,2.5600824507493343,0.99326769102486,0.23856444617248238,7.433094509017488,0.5923578385730905,938.5396133574434,13,0.33883753800182603
experiments,nsga3,e1_baseline,13,56.61007257676019,1.8881196770685504,42.84377067548964,2.765883644264791,0.9936012975668385,0.215365208976573,10.933565961170466,0.5529155135186566,975.4581445227707,13,0.3528834110002208
experiments,nsga3,e1_baseline,14,84.41339642241971,1.2522222120100261,39.96540103741867,3.524354727638416,0.993565352998609,0.25950125801935836,3.524354727638416,1.156551572961431,986.979113987249,13,0.3363027660016087
experiments,nsga3,e1_baseline,15,91.79322354824073,1.1804670895044924,41.14064081047399,3.0222360657029426,0.9898352985018347,0.25995617613840843,3.0222360657029426,0.658400346358312,963.1512009313582,13,0.3802776569973503
experiments,nsga3,e1_baseline,16,64.11146457683851,1.642108612366784,44.1291565692853,2.6262242426363156,0.9947213727333827,0.28668152751842374,5.269324448502418,0.5371950791096534,997.0929283944779,13,0.4021603930013953
experiments,nsga3,e1_baseline,17,73.5835578371569,1.42417951889154,47.546941504321914,2.3828212264329456,0.9939201616613438,0.28613026106944744,3.546608291572281,0.8522421034412127,965.6478448077513,13,0.3489787390026322
experiments,nsga3,e1_baseline,18,83.56217388811676,1.2737131704451272,41.52481749762925,2.960212412220883,0.9888921172761868,0.27252288719796885,2.960212412220883,0.6866369266433386,994.3904537866144,13,0.3913954769996053
experiments,nsga3,e1_baseline,19,91.52343396130358,1.1896018797540513,41.153554445843774,3.029302834466208,0.989787341233087,0.2615198315585545,3.029302834466208,0.9617619441791292,963.689009409336,13,0.35171128699948895
experiments,nsga3,e1_baseline,42,66.15847017849687,1.5978416337520147,44.28178185598732,2.5893985098027867,0.9911221707934154,0.2317567523213696,8.358827845192767,0.6200125791099622,987.3222923954335,13,0.35631582199857803
experiments,nsga2,e2_pop1000,0,45.62731168932332,2.483442189440004,43.89322519751711,2.623645876375723,0.9999305221193677,0.02660043169386491,37.25502974777924,0.5426999772854717,999.4667217429419,1000,4.608456589001435
experiments,nsga2,e2_pop1000,1,48.34427720252909,2.2985493380374473,43.600329209498746,2.648778301424905,0.9998869986196244,0.06311774586061121,27.398997843370967,0.5629086362347179,999.6793729022247,1000,4.448879690000467
experiments,nsga2,e2_pop1000,2,48.66265285812304,2.2785956460439927,43.85297340422833,2.625588636844788,0.9998674844636093,0.06278952163736588,27.626067547248628,0.563590239222185,999.3840652913306,1000,4.665029327999946
experiments,nsga2,e2_pop1000,3,45.046758047771995,2.527667318336116,43.73502798069269,2.635705727705281,0.9998966195491015,0.03671606585527799,38.753440259717,0.5528870096183142,999.7125618142226,1000,4.663540236000699
experiments,nsga2,e2_pop1000,4,43.707773869389676,2.641055528992734,43.707773869389676,2.641055528992734,0.9999027783768543,0.015589552118593546,49.93779954877653,0.5354292875028938,999.6107004826792,1000,4.7050111509997805
experiments,nsga2,e2_pop1000,5,46.01585756832837,2.456567642270717,43.433851439668985,2.672708222243095,0.9998951331359557,0.037845885073685866,34.70688825924461,0.5795064618281389,999.7457678679232,1000,4.701812557999801
experiments,nsga2,e2_pop1000,6,48.236532234527026,2.306127023576884,43.81719218314163,2.6303110720812923,0.9998657695987925,0.06176518579306794,28.379233116914854,0.5252926797035868,999.3977938117836,1000,4.573679403001734
experiments,nsga2,e2_pop1000,7,49.522650121395884,2.22702628746827,43.45610791280923,2.6659749753371687,0.9998393713136076,0.08065327687430052,23.818025827562057,0.578502249705456,999.6850331425339,1000,4.6185843700004625
experiments,nsga2,e2_pop1000,8,44.95598029950051,2.5356663907223105,43.17227341323186,2.6922732386467927,0.9999239755075995,0.02318057104680609,39.39019796442455,0.5579770572303152,999.6970686024933,1000,4.6595062269989285
experiments,nsga2,e2_pop1000,9,43.996165097422896,2.6137069581004364,43.72861075608501,2.636407194784082,0.9999461795779689,0.008185047325871839,45.13612777884664,0.525775340227865,999.55564850556,1000,4.608422396999231
experiments,nsga2,e2_pop1000,10,43.456533364106654,2.6670825840502173,43.456533364106654,2.6670825840502173,0.9999107053282487,0.021344504668063747,50.596085295293705,0.5452543155200623,999.6650124343479,1000,4.693962114000897
experiments,nsga2,e2_pop1000,11,45.08775657732158,2.5239999722710107,43.12823331523133,2.697157544483857,0.9999263582235557,0.017370470836953554,40.81334225571236,0.5407876440545081,999.7200554058783,1000,4.832115427001554
experiments,nsga2,e2_pop1000,12,43.75607953477435,2.6340284257834066,43.75607953477435,2.6340284257834066,0.9999281297076698,0.009586335927459446,49.3053665989377,0.5600434428925107,999.4740503872977,1000,4.837815986000351
experiments,nsga2,e2_pop1000,13,45.12931150346111,2.5210046885042536,43.394770137141414,2.673840139359322,0.9999216689531384,0.021112158565933386,40.555549646522316,0.5491485635540494,999.7349309638191,1000,4.582817218000855
experiments,nsga2,e2_pop1000,14,43.84203894750091,2.627453824316517,43.52946923181689,2.6579573156555556,0.999912875583642,0.01524783259934427,48.15121648603898,0.5463093872048268,999.7173465773456,1000,4.467199454997171
experiments,nsga2,e2_pop1000,15,45.73739254507018,2.474690988392775,43.770739435882476,2.6340822476657357,0.9998942780229855,0.029663694116655665,35.91004789703685,0.5659305816393301,999.2796323274275,1000,4.497563872002502
experiments,nsga2,e2_pop1000,16,45.77994876305236,2.471798858938887,43.100781979497036,2.7013327382938748,0.9999275773648902,0.02553468315080231,36.78552636655436,0.5429959364027109,999.4468490960759,1000,4.488971217000653
experiments,nsga2,e2_pop1000,17,44.24893938423732,2.590003081522553,43.80349583746149,2.6311266734235854,0.9999306046350923,0.014191611923166172,43.834625931407146,0.5570809250435336,999.4480191960258,1000,4.519649984998978
experiments,nsga2,e2_pop1000,18,43.643023235808315,2.6539016394123887,43.643023235808315,2.6539016394123887,0.9999124306007457,0.00837810342136988,50.50887355170525,0.5802125614446699,999.6973838338475,1000,4.507083643002261
experiments,nsga2,e2_pop1000,19,43.71089066496583,2.6406255590887584,43.71089066496583,2.6406255590887584,0.9999053791896595,0.009202951418572119,51.03840475426253,0.540612369132518,999.6801673578015,1000,4.562985217002279
experiments,nsga2,e2_pop1000,42,43.959231288469354,2.6170353593912257,43.354288531422725,2.6745750122446212,0.9999208447336593,0.011845274182700491,45.79798982390252,0.5500942383449056,999.6035009515408,1000,4.421080750002147
experiments,nsga3,e2_pop1000,0,55.79929121480158,1.9181575379102385,42.34713105448271,2.7989643302307745,0.994294418352407,0.21474194838262986,14.04730530004393,0.5186535701963881,998.5099925924529,13,5.429677284999343
experiments,nsga3,e2_pop1000,1,44.98720801476086,2.5321476136648298,43.23043000639348,2.688652018498254,0.9906278855068001,0.16277653560070438,37.5301428577377,0.5230879195756509,998.0874675688566,13,5.501919935002661
experiments,nsga3,e2_pop1000,2,43.51582673205056,2.6567649275683993,43.51582673205056,2.6567649275683993,0.9890785873852749,0.1971051840349276,51.092035604556884,0.5183144167043122,998.714419997643,13,5.262992899999517
experiments,nsga3,e2_pop1000,3,50.57890781722954,2.167006228716271,43.07378343726822,2.704389917846624,0.9928604054973,0.1762626979035135,22.91630927551316,0.5133299495187286,999.127663033504,13,5.50190615700194
experiments,nsga3,e2_pop1000,4,72.30149149227336,1.4427604488561863,46.01671865085544,2.45488690065458,0.9954616633144783,0.2530775022003586,6.540080934606878,0.5292617461601137,998.2782416920484,13,5.4433943160001945
experiments,nsga3,e2_pop1000,5,50.74713412766733,2.158352994392411,43.18548761366754,2.6908596344049154,0.9926732675857846,0.17948280869165706,23.14756730746773,0.5122890360001632,998.4775667413071,13,5.366268289002619
experiments,nsga3,e2_pop1000,6,45.18877287469098,2.517057615228085,43.346335052082765,2.674633986873555,0.9908318139938278,0.16173632749325098,35.82171309821554,0.5094215609937526,997.2493769457482,13,5.270208908001223
experiments,nsga3,e2_pop1000,7,49.120654739911814,2.2508852312544585,44.50025837291351,2.5707377134643994,0.9914999924666545,0.16757591659651527,28.33968730147346,0.5317760071576528,999.6962491941672,13,5.33109031999993
experiments,nsga3,e2_pop1000,8,66.42766910201249,1.574438053077748,44.17156639021265,2.5990813215982547,0.9952668038474077,0.23955754228973666,8.942313276440183,0.5298919133977084,997.3407477763619,13,5.374867546997848
experiments,nsga3,e2_pop1000,9,53.993782179990326,1.9966593010237552,44.73854265731314,2.5523665533476456,0.993761013203847,0.20436265581463067,16.42643232939729,0.5160063687886828,996.3854522153935,13,5.355686321003304
experiments,nsga3,e2_pop1000,10,45.76281583147395,2.4739292014538106,43.78206038375972,2.6308011685574453,0.9913194196242856,0.1625065382196798,32.36892925918284,0.5100474900523919,997.5508806180125,13,5.521685075000278
experiments,nsga3,e2_pop1000,11,78.31104723196967,1.336421085669294,48.18369013940968,2.310610334439312,0.9953831542797429,0.25729127255578155,4.788708383268101,0.5150268247920174,998.6790001964862,13,5.674156785000378
experiments,nsga3,e2_pop1000,12,58.3321197429829,1.8199759375913958,43.28485174221119,2.6807802435360033,0.9936257782472322,0.22724846224298623,11.608759612142999,0.5520530447201504,998.2677844090547,13,5.39474199200049
experiments,nsga3,e2_pop1000,13,43.38974125654919,2.6815252480386,43.38974125654919,2.6815252480386,0.9888727506119657,0.2053690853461319,52.3720009874685,0.5361271484969429,997.8354914891576,13,6.010826713001734
experiments,nsga3,e2_pop1000,14,54.76586823685543,1.962768012401898,45.09907625426469,2.524073583777069,0.9939458776895469,0.2095514694833097,15.53467422567883,0.5086406792392411,999.340450294012,13,6.7310678440007905
experiments,nsga3,e2_pop1000,15,44.10724462112718,2.6020617552611007,44.10724462112718,2.6020617552611007,0.9899252405914376,0.17259878798095535,44.29682479976701,0.5096573739946444,997.9483791175584,13,6.157372059999034
experiments,nsga3,e2_pop1000,16,44.68724686955337,2.5566118010185654,42.9924419265488,2.7160106387623775,0.9902724395456607,0.16598855223577796,39.99969053027872,0.5111828216983204,997.4940689686783,13,6.294035350998456
experiments,nsga3,e2_pop1000,17,44.12458998925995,2.6007549996763615,44.12458998925995,2.6007549996763615,0.9899884243861792,0.17122957509422593,44.032808928319575,0.5136423433765525,998.7638763300466,13,5.308201480998832
experiments,nsga3,e2_pop1000,18,78.95361074688117,1.3266487222450665,48.310351466956845,2.3018026153702684,0.9954260762001834,0.2614867378345892,4.847507210001227,0.5216922270086556,998.8035306549074,13,5.551329215999431
experiments,nsga3,e2_pop1000,19,50.91225090172934,2.149157200670669,43.26401873383871,2.683350026049281,0.9927315923174933,0.1811636759733253,22.522872839919664,0.524941982365129,997.8516307901056,13,5.416096712000581
experiments,nsga3,e2_pop1000,42,76.93120707823924,1.3592639360959966,47.51894993263363,2.3510161032921415,0.9955879437623506,0.2597067580483064,5.341520685316415,0.5214844710858381,998.895570726659,13,5.483916825000051
experiments,nsga2,e3_gen100,0,43.518792730405224,2.780061512574357,43.518792730405224,2.780061512574357,0.9987952926994244,0.011148453184786205,51.227251424088436,0.507261645090298,996.5359796564261,60,0.5375320269995427
experiments,nsga2,e3_gen100,1,92.17199344142092,1.1635147447007215,44.04098883254816,2.6318467849057186,0.9969474752886925,0.22611354039810813,4.314948832436739,0.8466950818782653,998.6298991718984,60,0.5589640320031322
experiments,nsga2,e3_gen100,2,95.16629081673557,1.1441038053957695,43.41421083171652,2.691950181180858,0.9932593115572609,0.23627573589890266,3.1971318319486497,0.6566070621125727,998.5362273406283,60,0.5715382830021554
experiments,nsga2,e3_gen100,3,94.37288301343557,1.1400885072971816,43.12838496719858,2.70225431305602,0.9916073970293886,0.2378555419158541,3.0527857454966356,0.5334735435920539,999.7368829059118,60,0.5476805890029937
experiments,nsga2,e3_gen100,4,74.39850226542295,1.4255532903626316,44.25461395258973,2.59518621288541,0.9977834008627353,0.21496513713666976,5.5458963022608865,0.5738753399200344,997.3781355355851,60,0.5601912600031937
experiments,nsga2,e3_gen100,5,87.74644658620757,1.2208619382088963,43.588839168952184,2.669597512727816,0.9963570022556945,0.22983477799609614,3.9090984671864413,0.5673084870208461,999.2232715374921,60,0.5861054790002527
experiments,nsga2,e3_gen100,6,46.15199650634474,2.4568200497180945,42.84080945323567,2.8419318858581497,0.9991561938904905,0.07444501193320552,25.800202440785398,0.5626729825443132,999.7146128519177,60,0.5969180989995948
experiments,nsga2,e3_gen100,7,88.44640681691212,1.2187676769773852,44.64475820209169,2.571341522869357,0.9940787397730643,0.234943681976931,3.2916892336756507,0.5409896134837144,997.9282080635493,60,0.5658317169982183
experiments,nsga2,e3_gen100,8,58.929845273114886,1.7987808715312292,44.92185764297783,2.673490537325378,0.9988202255290928,0.1847708580547709,9.075824921526012,0.6343190896368814,995.9273880426385,60,0.5678167400001257
experiments,nsga2,e3_gen100,9,82.23797806389297,1.2934693550021343,44.42195769311487,2.5899470472246686,0.9969901161904748,0.22634192375478587,4.289021679351815,0.5029698601842619,999.254387459947,60,0.5599879039982625
experiments,nsga2,e3_gen100,10,45.37112979086936,2.6663987645420586,41.1044166740755,3.019738250174839,0.9988083879089299,0.0481144708691595,33.27051234641646,0.9286330695485034,997.4350383661263,60,0.5874679050029954
experiments,nsga2,e3_gen100,11,41.236531951221316,2.987144377626299,41.236531951221316,2.987144377626299,0.9985176704546193,0.014731436719193284,46.937088054216126,0.5253087828004273,997.3133912170398,60,0.5797127959995123
experiments,nsga2,e3_gen100,12,42.31090527052693,2.85667879587829,42.31090527052693,2.85667879587829,0.9985756481309529,0.010721418438817538,51.92290012955545,0.5077882428231008,999.1223089717269,60,0.5496833920005884
experiments,nsga2,e3_gen100,13,41.75604217513368,2.889593147131798,41.75604217513368,2.889593147131798,0.9986574882088407,0.022453299552304327,40.311979178185894,0.5056461731997858,996.5405579559239,60,0.5399296069990669
experiments,nsga2,e3_gen100,14,41.75104466205279,2.936645010005418,41.75104466205279,2.936645010005418,0.9988374879561207,0.016072544068850645,45.026732813015414,0.5126702987803691,999.4013548951636,60,0.5619916850009758
experiments,nsga2,e3_gen100,15,41.18710983428472,2.9964443868359147,41.18710983428472,2.9964443868359147,0.9988753008039866,0.012559695613545545,48.420190638202754,0.5042925551775965,998.8959693353552,60,0.5769448259998171
experiments,nsga2,e3_gen100,16,74.68846649082347,1.398723563339676,45.47572073574472,2.5039708575283792,0.9980291811633246,0.21674679802709182,5.407939622781848,0.5142129369083579,998.7124623003145,60,0.5796295700019982
experiments,nsga2,e3_gen100,17,42.26647620675212,2.871312873587102,42.26647620675212,2.871312873587102,0.9987461516394436,0.014705475594183842,48.9288050829532,0.7663594648302161,996.1886255895049,60,0.5358768430014607
experiments,nsga2,e3_gen100,18,85.33866005125584,1.2378079138377394,44.38045492421757,2.582879513774653,0.995763420999792,0.23195155909132417,3.669647252047481,0.5168527496739668,998.9536334025222,60,0.5529438129997288
experiments,nsga2,e3_gen100,19,45.46493331163259,2.6831619344866224,45.46493331163259,2.6831619344866224,0.9985200404931788,0.010098631265413374,51.65010117973293,0.5003270612042594,996.4061292483289,60,0.5325892359978752
experiments,nsga2,e3_gen100,42,42.58187241925294,2.8103897786232532,42.58187241925294,2.8103897786232532,0.9986894411275583,0.010705993992628242,49.68421486013198,0.5008836918186087,998.0239310586593,60,0.5454164650000166
experiments,nsga3,e3_gen100,0,85.28805265823927,1.241053547120912,50.77875367516964,2.173064476460349,0.9945466515751963,0.26151126932630575,3.8149527101202767,0.54812612023005,999.6879000796838,13,0.7194626609998522
experiments,nsga3,e3_gen100,1,92.5111877291705,1.1693700810410022,41.366590191618585,3.002584451641141,0.9892780909105399,0.2636580534802675,3.002584451641141,0.6847550749148773,995.349305972335,13,0.770918566002365
experiments,nsga3,e3_gen100,2,89.53672811572177,1.2060855066271992,40.309127963203274,3.444479751296178,0.9924087120338408,0.2652433019624136,3.444479751296178,0.5268652226437894,995.7124355565561,13,0.7304669320001267
experiments,nsga3,e3_gen100,3,102.52451815249688,1.071419578250314,41.522368963864054,2.9394165212131806,0.9886595625122596,0.2632356264944655,2.9394165212131806,0.5828589469068767,987.9717544174999,13,0.709258064001915
experiments,nsga3,e3_gen100,4,76.7149932600702,1.3629405610762348,47.45446064426001,2.357156599368272,0.9956670497456939,0.25785465670845753,5.292739721178055,0.5393188700889595,998.1163306819218,13,0.7164271280016692
experiments,nsga3,e3_gen100,5,84.34280371860525,1.2519900190681306,50.42754971665526,2.1991727717633496,0.9945245162678236,0.2615053891733767,3.852411172621757,0.5160346825268848,998.6666998382594,13,0.7052777040007641
experiments,nsga3,e3_gen100,6,85.28972602880401,1.2453144494000095,50.882608403674475,2.1879656049479914,0.9942024225907521,0.26238695475273077,3.860059432970563,0.5263225019187806,999.6405427966296,13,0.7522867620027682
experiments,nsga3,e3_gen100,7,86.44065478661291,1.2300496482998222,51.599170286761954,2.1424942254019146,0.992290748285037,0.26385427647117304,3.674269654891316,2.808025868078346,997.5411158795918,13,0.7152822380012367
experiments,nsga3,e3_gen100,8,88.19171716413383,1.2191544793397178,40.9107305821122,3.419483088112609,0.9904504298310923,0.2627971173740476,3.419483088112609,0.5989113230201156,997.7761386474572,13,0.7180112980022386
experiments,nsga3,e3_gen100,9,93.94724129580109,1.1452798316813364,41.43589680573476,2.9509909106475147,0.9890461034471869,0.2668742695560272,2.9509909106475147,0.5069961441267222,998.3536623425751,13,0.7111174140009098
experiments,nsga3,e3_gen100,10,43.9291891917316,2.6212153470530866,43.9291891917316,2.6212153470530866,0.9930063720754773,0.14516827286461226,30.95760970283544,0.6381307310930521,995.2946083630146,13,0.6684062919994176
experiments,nsga3,e3_gen100,11,81.87503968478066,1.2840733065932075,49.72942252703562,2.2888942673405634,0.9949276144247027,0.25889093321044715,4.126355839603492,0.8807179478779694,996.397847004788,13,0.6966882640008407
experiments,nsga3,e3_gen100,12,54.49754096118001,1.99083440790774,45.00144415397835,2.536136758266731,0.9945452812201985,0.20301614777052165,13.232063861988928,0.5134728904179178,985.6076794500711,13,0.8267053549971024
experiments,nsga3,e3_gen100,13,44.4290026629527,2.5792540684177387,44.4290026629527,2.5792540684177387,0.9905416053968517,0.15371212367659465,38.15957262481915,0.5427051174910682,999.9138580231938,13,0.7549186859978363
experiments,nsga3,e3_gen100,14,84.43765200631579,1.2501112522656415,50.69023136307314,2.2095831080485593,0.9943011420316703,0.26428003549862683,3.9598184063148554,0.5250632780362494,999.5714745879567,13,0.7227633809998224
experiments,nsga3,e3_gen100,15,91.72295603101351,1.1672756734548082,40.737268239881,3.120582914307925,0.991190474393609,0.2659275936714374,3.120582914307925,0.5791006547258246,999.3245007708501,13,0.7263523779984098
experiments,nsga3,e3_gen100,16,70.35160779627763,1.4838179552141104,45.488186246300536,2.6260328801465627,0.9953748228695242,0.24751061548954392,6.889588697531581,0.5121696930067124,999.8468864497725,13,0.7436839660003898
experiments,nsga3,e3_gen100,17,68.14074092387476,1.533434487090987,45.78574020000607,2.6445091854681553,0.9950143497827754,0.24146046864433515,7.778504862106242,0.5374471142496487,996.975959857056,13,0.7126663580020249
experiments,nsga3,e3_gen100,18,91.81546555962714,1.1659701856192926,41.3787315501053,2.960912474785962,0.9892565507473672,0.263105448753596,2.960912474785962,0.5227681077469971,998.1632692396804,13,0.7026079320021381
experiments,nsga3,e3_gen100,19,94.03795611286137,1.151267152959808,41.14716751417171,3.0220065266179987,0.9898560276768155,0.26690280896728175,3.0220065266179987,0.9770542822980299,983.1838098009697,13,0.6732055959982972
experiments,nsga3,e3_gen100,42,65.03153780549697,1.6149739961183116,44.33649914022619,2.6008686038938778,0.9924270526738159,0.23458264066567594,9.853615229315285,0.5259854528908889,990.5245058418791,13,0.7338813960013795
experiments,nsga2,e4_etac1000,0,72.09406214003648,1.4520218445130122,43.8712290755549,2.6229660575728495,0.9969401244720775,0.2362226543836339,4.488250091116969,0.5371742367097452,999.7651850958641,60,0.2846964720010874
experiments,nsga2,e4_etac1000,1,71.89413353051405,1.463800178825488,44.597254318118836,2.6078824054543173,0.9926653630188763,0.24647345485887737,4.41726467174054,1.4053302949280908,995.6872029389557,60,0.2648806010001863
experiments,nsga2,e4_etac1000,2,87.24458212670027,1.2208285371499787,43.45672988579889,2.668274523687614,0.990640595726799,0.24403461653413944,3.0771514099696935,0.5919318066998591,996.1539726407509,60,0.2714620980004838
experiments,nsga2,e4_etac1000,3,62.736025995888305,1.6928077823424665,44.783763868646474,2.591214011374492,0.9982108591468521,0.196702017752692,7.726043377099449,0.6366749378127905,967.3997144765478,60,0.26947956399817485
experiments,nsga2,e4_etac1000,4,66.56058569128966,1.5759918514701363,42.67292328438898,2.7613935578909734,0.9974943166402039,0.22952231179293647,5.6948092012987015,0.6929357837829262,990.3762556565741,60,0.29469738799889456
experiments,nsga2,e4_etac1000,5,68.53353729142636,1.551530925939765,43.80474419418999,2.6602332214340785,0.9937232412312312,0.29688924161629104,3.5794482433748622,0.7208449788684383,999.0534679270465,60,0.2603994379969663
experiments,nsga2,e4_etac1000,6,71.24358396749062,1.468397299844067,44.03081471149774,2.6159618180878477,0.9949514531428651,0.277665861791783,3.8825894951590847,0.6689096211806708,990.333449223827,60,0.263456827000482
experiments,nsga2,e4_etac1000,7,80.03383233636923,1.3277417362017805,43.37665667018476,2.709847967963583,0.9936323426877038,0.238751534385357,3.4077129240513524,1.8767069298864436,981.5097746555416,60,0.28216598899962264
experiments,nsga2,e4_etac1000,8,81.30342249740667,1.3069350737701226,42.648672727778965,2.7755504418282486,0.9933684698702689,0.26406861599763226,3.456336649420881,0.6221553319162957,995.1107581335344,60,0.2691404990000592
experiments,nsga2,e4_etac1000,9,78.23547108735508,1.3530212868858666,43.90884722787901,2.635798313374498,0.995659109880819,0.24728627246864876,3.959683833814548,0.5247935568359775,992.2554841005854,60,0.2638242110006104
experiments,nsga2,e4_etac1000,10,57.81549502575671,1.8516460823655518,44.90177293171937,2.561084330502242,0.9983561014324062,0.23660505447769598,8.063459187274011,0.6478409438400945,994.9477329614717,60,0.27810250100083067
experiments,nsga2,e4_etac1000,11,61.33412386944384,1.7316566811868497,42.91943824355017,2.722959031385678,0.9986183267719146,0.19946093026530684,8.535716368816693,0.5199206564255741,997.5445598119485,60,0.2787556080002105
experiments,nsga2,e4_etac1000,12,70.27772886722636,1.4972490511273122,42.12527060143416,2.8596876124299855,0.9970998992581286,0.23043656446012448,5.242528231633317,0.5428303960661177,981.8836565317845,60,0.2945025890003308
experiments,nsga2,e4_etac1000,13,63.97343935177144,1.6504211034978133,43.52121929010605,2.657834377847862,0.9966183160607095,0.2561295535908697,5.432100543791505,0.501578156501717,989.8005625287888,60,0.28537152300123125
experiments,nsga2,e4_etac1000,14,92.69926345545785,1.1659476576102896,43.788765191230866,2.6548030410665775,0.9875588109112825,0.23668292326866805,3.2335872432708106,0.5611588517559134,998.6352141911127,60,0.2890316709999752
experiments,nsga2,e4_etac1000,15,81.94228236584023,1.284507258118603,43.86775160486584,2.628651945192722,0.9947978162096941,0.24378774779523715,3.507468630646537,0.6072795809290779,987.3566593894122,60,0.29362258999753976
experiments,nsga2,e4_etac1000,16,73.05676067084934,1.4424610750775344,44.87810299502306,2.5549316114908045,0.997392287846605,0.21932345212732174,5.368873321634791,0.7569942204996571,993.2841591913909,60,0.3350022509985138
experiments,nsga2,e4_etac1000,17,67.11287525569747,1.5651780251650649,43.59192659577913,2.674207328291336,0.9973511579192115,0.20811460782678282,6.364046585806118,0.5531489137909282,995.1604308018361,60,0.36631067400230677
experiments,nsga2,e4_etac1000,18,83.91831100426727,1.2854691217742051,45.260734598940665,2.520287724865044,0.9925972552608826,0.24603673854630162,3.1456714188912107,0.5752893804669633,999.607706530524,60,0.3628393189974304
experiments,nsga2,e4_etac1000,19,88.68113685134108,1.200554822892722,43.17011870562833,2.737737744793254,0.9950187295316639,0.2356830072327669,3.5646947899441797,0.6616163147557055,995.6686584427448,60,0.3926739569978963
experiments,nsga2,e4_etac1000,42,84.39422011685787,1.2571418456421612,43.40099729014319,2.698318298607205,0.994147489957839,0.2301096183716155,4.162437943875345,1.0182050817511057,983.9062147669686,60,0.5729294180018769
experiments,nsga3,e4_etac1000,0,87.33953554230125,1.2175560493657698,41.04435488857105,3.4704614033286516,0.989572141603856,0.2590789339154237,3.4704614033286516,0.5145687382434094,998.3195789621097,12,0.4832353090023389
experiments,nsga3,e4_etac1000,1,82.91163573036043,1.2707466934499883,42.63324139777166,2.822075572046194,0.9848294617927928,0.27738232672430213,2.822075572046194,0.7872068653163006,997.1454898244971,13,0.6964974080001411
experiments,nsga3,e4_etac1000,2,90.92553552519561,1.1765589158376546,41.32775758298522,3.159018251868447,0.9889506417798015,0.2616118585567488,3.159018251868447,0.6912536530252056,996.3630861721987,13,0.7370659719999821
experiments,nsga3,e4_etac1000,3,86.81571021747203,1.2244356922718231,41.24637631085036,3.0261562038094167,0.9894788471395183,0.27694136229786953,3.0261562038094167,0.6391718564907654,977.8706554813227,13,0.6709687799993844
experiments,nsga3,e4_etac1000,4,84.74788555936908,1.2669722188814292,48.74065376136419,2.3453743340962094,0.9939710024455468,0.26348214898087924,3.7821978493622455,0.6860648421363011,955.6309565256822,13,0.33380138899883605
experiments,nsga3,e4_etac1000,5,69.97601634325477,1.4963324723200193,47.42887395683954,2.3704269861680842,0.9889689865264832,0.3241709458104455,3.2133584603313485,0.5444825619319534,991.7177433550607,13,0.3772892769993632
experiments,nsga3,e4_etac1000,6,72.43268903330298,1.4441876405773129,47.587597711255704,2.3574958053747093,0.9920173023803803,0.2977079996647253,3.425829862077684,0.57548535417797,996.6117106668879,13,0.3233222859998932
experiments,nsga3,e4_etac1000,7,80.16053356316691,1.3253533428623612,49.2115098413735,2.2790799054389375,0.9922867251685851,0.26843227464491876,3.3250624214995397,0.6195083791141369,998.1060530942963,13,0.3437310789995536
experiments,nsga3,e4_etac1000,8,71.70108075136777,1.4641436592139272,47.69217780567075,2.3623194185352023,0.9868588943115233,0.24946850713372135,5.615712041987327,0.5691036320603466,981.7924445794235,13,0.352817054001207
experiments,nsga3,e4_etac1000,9,92.40183995062222,1.1640105684745756,42.33752890318486,2.943644515455516,0.9859133799279713,0.2603700225086077,2.943644515455516,0.5561190451739865,996.7984847386703,13,0.3255983740018564
experiments,nsga3,e4_etac1000,10,61.144887099732856,1.7370847091034927,44.30543126926211,2.6586079086312857,0.9934927431125896,0.26530629413335044,5.579160210353908,0.7915147935865315,992.3593839541769,13,0.37092793099873234
experiments,nsga3,e4_etac1000,11,71.82564505729387,1.4716268194984958,41.74645159749893,2.930629469356714,0.9871000002632266,0.32609551503597906,2.930629469356714,0.814738654014737,977.8083742811147,13,0.33460821300104726
experiments,nsga3,e4_etac1000,12,58.2378301122015,1.8278548801953132,43.728132210569825,2.651829202425521,0.9942549645947734,0.24696903147587085,7.299779824932793,1.0357380592249554,998.4392112266127,13,0.3519626029992651
experiments,nsga3,e4_etac1000,13,56.83991104066054,1.9251342076221092,46.14592154862314,2.4483868751356015,0.9931200835795925,0.21671716730312796,11.519396297027352,0.5031467225531053,994.1621888987762,13,0.3382569540008262
experiments,nsga3,e4_etac1000,14,92.38035574778796,1.1715555805534419,42.51620288341379,2.8558470948610846,0.9854130319209217,0.2600710895267424,2.8558470948610846,0.5127892731053414,985.5488905855931,13,0.32050183699902846
experiments,nsga3,e4_etac1000,15,73.87836415830941,1.429556069008605,41.0948735290589,3.0330210020791077,0.9896323649018008,0.31075156161461576,3.0330210020791077,0.5836598550458953,997.3844800195718,13,0.35462005699810106
experiments,nsga3,e4_etac1000,16,72.39387431537335,1.45963876167206,46.86882935922849,2.456672567516107,0.9944045359632023,0.26321357845208193,4.499343544100165,0.8098099253251493,992.6580259955878,13,0.3745168770001328
experiments,nsga3,e4_etac1000,17,58.83012649985833,1.8175672526260587,45.11429797149942,2.54663870088343,0.9885567471222262,0.2921194276810042,5.616162874505144,0.8026966440532877,967.1901742800945,13,0.38804101099958643
experiments,nsga3,e4_etac1000,18,59.05159347202465,1.8051012174449503,44.580020735408894,2.6922047719746525,0.9950482877226826,0.25336422315951007,6.734445304957275,0.5227977389462508,998.3806947165273,13,0.3338550119988213
experiments,nsga3,e4_etac1000,19,61.72144984262705,1.7202877978207871,44.10949119624602,2.703282358588277,0.9940442100152059,0.3143908585590275,4.852830181392737,0.662401331830191,989.3868770247693,13,0.3962703479992342
experiments,nsga3,e4_etac1000,42,73.60366437105057,1.423224228356435,48.04738803710578,2.35514258483084,0.9905219307300267,0.27823361222658416,3.823596862262664,0.5770603624579229,999.0045632640063,13,0.38286709599924507
experiments,nsga2,e5_etac1e-5,0,62.7356355554379,1.7439891021650702,44.02653252951749,2.6918418220858498,0.9982868673524354,0.18544232410102843,9.104094887386431,1.1830758973441537,958.0188820588849,60,0.28824438100127736
experiments,nsga2,e5_etac1e-5,1,68.40138311824356,1.5426068014190655,41.52605748423941,2.9606314174512716,0.9984695044392095,0.19714490414582725,7.553017045322155,1.673149781560598,994.7462878898245,60,0.2801030320006248
experiments,nsga2,e5_etac1e-5,2,48.674896752123935,2.3860646536885697,43.23253061077164,2.945508971060224,0.9981950640568971,0.043587201582218245,35.941391984923634,0.8033665590580115,990.3192297970666,60,0.26986964399839053
experiments,nsga2,e5_etac1e-5,3,45.686463769730146,2.4888005450429525,45.686463769730146,2.4888005450429525,0.9989923611393569,0.04626448423268964,47.879909276573045,0.9697951979146963,975.5089213406129,60,0.28941836200101534
experiments,nsga2,e5_etac1e-5,4,73.92169448708341,1.4187009324731554,44.16793532268334,2.6326754469835936,0.9970244580268917,0.2196457437319258,5.11568137232068,0.8735089366009972,988.3120162327293,60,0.2883922600012738
experiments,nsga2,e5_etac1e-5,5,48.50894200182526,2.3054972701054512,43.404226060047804,2.772490727889075,0.9987904737106038,0.06678875414229533,29.44125173826064,1.1688734570254105,977.7984806091157,60,0.2708640300006664
experiments,nsga2,e5_etac1e-5,6,61.219560979083546,1.7278388334546295,43.74030496378471,2.7637948626919355,0.9981224614864577,0.1767977320871983,10.361222881723302,1.2694166398351092,982.599469586404,60,0.277263584001048
experiments,nsga2,e5_etac1e-5,7,46.421183611746436,2.448687893181195,42.04182517950935,2.879844216849735,0.9991024087789311,0.06246515997528791,28.632496739462155,1.3007094694933214,989.4025844478784,60,0.2641761220002081
experiments,nsga2,e5_etac1e-5,8,40.895574193980025,3.0730314059046937,40.895574193980025,3.0730314059046937,0.9987301949870688,0.024844951140827104,46.51311886019398,1.4142220714933942,940.4005878282733,60,0.25671767099993303
experiments,nsga2,e5_etac1e-5,9,55.868731496021255,1.9266764914232846,41.811947047225374,2.931799696058688,0.998412380847764,0.1311613996618681,16.718784650761783,2.140794288661726,981.4733664519756,60,0.28640967100000125
experiments,nsga2,e5_etac1e-5,10,58.574782375527704,1.8221348391195147,43.78024399275006,2.690690223658435,0.9984864837763702,0.18474665619566466,9.089054850852266,1.057075955682057,996.1756616728123,60,0.29209956799968495
experiments,nsga2,e5_etac1e-5,11,47.03576379528652,2.393321961141056,41.914595026053256,2.951157309227418,0.9988150167862029,0.058552730024422565,42.15648353038565,0.6917435856305914,981.106109491672,60,0.2849125729990192
experiments,nsga2,e5_etac1e-5,12,51.951274173608994,2.134334079721812,44.74524076062581,2.5801167601264514,0.998864337222352,0.11892543579560583,18.132783886301077,1.630847568513782,969.5395877398494,60,0.25327661100163823
experiments,nsga2,e5_etac1e-5,13,56.16002865576568,1.9165543277776462,42.17571187837196,2.858560261458808,0.9987287044191819,0.14944125552833637,13.723360236180861,0.8740015906369965,975.9845099928141,60,0.28853264300050796
experiments,nsga2,e5_etac1e-5,14,44.02319021020893,2.8557638706526656,44.02319021020893,2.8557638706526656,0.9984211239696382,0.04526752122172581,42.708764338749596,1.100506653223041,989.8631104961353,60,0.2822581149994221
experiments,nsga2,e5_etac1e-5,15,71.48106662401294,1.4803900993316934,43.178053570451645,2.7154036228981133,0.9969039057646054,0.2229010969814114,5.154477713398352,1.261805033363855,988.1918912183007,60,0.2839358510027523
experiments,nsga2,e5_etac1e-5,16,45.01524655637711,2.7000781928687996,45.01524655637711,2.7000781928687996,0.9979541786420245,0.02426183900973614,49.24862763925345,1.2505763787987703,985.1877715910264,60,0.26639289100057795
experiments,nsga2,e5_etac1e-5,17,58.023488761161325,1.8554255203460723,44.22589449468508,2.7712274350494313,0.9975414028945825,0.1437664104055014,14.76357605866843,1.350455078861283,963.5570796467118,60,0.2768318709968298
experiments,nsga2,e5_etac1e-5,18,70.11955567406348,1.4993690214190447,44.019602092273296,2.6439383876830056,0.9972955636622484,0.19041412383756004,8.350393272115223,1.4517111899524664,989.8076744120408,60,0.27692987200134667
experiments,nsga2,e5_etac1e-5,19,87.73929835013472,1.2162317143599175,44.33062535301032,2.597477201036141,0.9936932820851633,0.23539451468995382,3.36652035126692,1.9054564349575833,983.8639939369644,60,0.280940696997277
experiments,nsga2,e5_etac1e-5,42,65.61904689790038,1.6120021574375165,43.7071411622943,2.7025648857418685,0.9986644237827147,0.19110891566878052,8.246575569525035,1.8208037139697106,979.5166147329965,60,0.25123917699966114
experiments,nsga3,e5_etac1e-5,0,77.2787950510415,1.3588044271142514,48.524977478270614,2.308794269109601,0.9934652227698153,0.25555123145420827,4.381223800628536,0.9394686084589703,977.8864200768897,13,0.36306105900075636
experiments,nsga3,e5_etac1e-5,1,90.03305903801876,1.1885827719467674,41.87481157628201,2.947043849705056,0.9874732212376903,0.26197976549447566,2.947043849705056,1.6475778286075466,972.6739785995038,13,0.3260634760008543
experiments,nsga3,e5_etac1e-5,2,82.53831988973775,1.283772404210925,41.96703522823318,3.489870615153138,0.9869755187461611,0.26058321864946693,3.489870615153138,1.8045073050672933,955.9523003308401,13,0.3586694779987738
experiments,nsga3,e5_etac1e-5,3,79.54267652933567,1.3560727090667257,48.91023496289513,2.28633810743114,0.9918251805513312,0.258733083389523,4.810351465174645,1.6952570806139773,979.3205289261119,13,0.34268579600029625
experiments,nsga3,e5_etac1e-5,4,67.48852114313168,1.5610623443183445,44.7937338103528,2.5663624577534265,0.9948136085857465,0.23970624960649453,7.5975066304879855,1.0217322004548912,964.4172125081259,13,0.40946871699998155
experiments,nsga3,e5_etac1e-5,5,86.57165790097221,1.2300292653397706,40.763575081522845,3.1855587998617905,0.9910357263376237,0.2593400610796919,3.1855587998617905,1.1597037494125804,981.6838054260664,13,0.37798561100134975
experiments,nsga3,e5_etac1e-5,6,51.62027500548506,2.123734630616866,44.107707158746294,2.6232686741129916,0.9938243699535239,0.19011488531848839,15.693079279600196,0.7004663335016713,965.8328121617732,13,0.3447814240025764
experiments,nsga3,e5_etac1e-5,7,72.11221370365026,1.4670387625862302,46.55740432546963,2.4310245066133613,0.9946311853575295,0.2533154184585511,4.984442116163677,1.252970949303947,975.6028520311909,13,0.3555851819983218
experiments,nsga3,e5_etac1e-5,8,74.0996577693269,1.4401275355525611,47.33574253061809,2.378846461565599,0.9924918600056025,0.25127284042362186,5.129222728914376,1.086324126016589,950.1258873682402,13,0.36148808999860194
experiments,nsga3,e5_etac1e-5,9,83.87417131716363,1.2587465886811637,50.59436984659855,2.2023699274193453,0.9935777562785735,0.26103272182023235,3.893638051603024,1.5707177051943648,991.3888478639313,13,0.35826279999673716
experiments,nsga3,e5_etac1e-5,10,61.131285842966044,1.7346289108128787,44.82552625369547,2.580665641732583,0.9906422404665838,0.23457034667456902,9.810146300091022,1.0151007599430821,959.2688877470173,13,0.3368280930008041
experiments,nsga3,e5_etac1e-5,11,88.63881643403582,1.2075447279881912,42.13980941340802,2.8989826691931886,0.986806610089458,0.26299110536935205,2.8989826691931886,1.3446604844376184,971.2693550614562,13,0.4640687219980464
experiments,nsga3,e5_etac1e-5,12,82.17782872464048,1.2894996642064316,50.30605516602229,2.1992664207459414,0.9925504078542465,0.257855404590618,3.8471212702367787,1.0651967198907282,976.585507368898,13,0.37880912800028455
experiments,nsga3,e5_etac1e-5,13,70.65629099603231,1.4900776736854344,45.81266629452058,2.4904984245269985,0.9950055832164892,0.24610794496648564,5.837636810002128,0.8595661519691178,970.2174088316583,13,0.3613510560026043
experiments,nsga3,e5_etac1e-5,14,87.81248187496793,1.217989752063284,40.809272214807486,3.4708689452945185,0.9905770359437135,0.264827483003126,3.4708689452945185,2.35565026994458,961.8523878940415,13,0.3766190460009966
experiments,nsga3,e5_etac1e-5,15,70.2099595904035,1.512025037513926,46.55255501408026,2.474130701319259,0.9919265273609813,0.2501773717752843,5.6961726093033604,0.9575391656121522,937.0233782074209,13,0.4168021260011301
experiments,nsga3,e5_etac1e-5,16,84.4712463063144,1.2571964244049552,50.58133535246527,2.202189212285961,0.9921989537632184,0.26025600446653013,3.7170696310832265,1.663145601655967,975.053774068824,13,0.43400864300201647
experiments,nsga3,e5_etac1e-5,17,63.100844681731424,1.6745903055701425,43.53545159080178,2.665131761431786,0.9941032926414579,0.25711800058390144,6.24323315004313,0.8538286373791606,976.4707630205382,13,0.4120148900001368
experiments,nsga3,e5_etac1e-5,18,80.26269948157676,1.3140929851787595,50.027728883807846,2.208982565621739,0.9900454055041454,0.25816619131007446,3.9613007278565386,0.9065147103198619,976.8850509211413,13,0.5351935620019503
experiments,nsga3,e5_etac1e-5,19,76.93540473151157,1.3801183801941512,49.09419756411781,2.340575135952154,0.9932308229394539,0.2549887156605645,4.6048965518146385,1.607229550683358,989.3762366319309,13,0.3451235389984504
experiments,nsga3,e5_etac1e-5,42,87.92010346600057,1.2130343298977193,41.46834248249351,2.9691197915867646,0.988926756167844,0.26413305125458936,2.9691197915867646,2.0030438601889364,979.0053613507064,13,0.3623155269997369
experiments,nsga2,e6_etam1000,0,50.32880948618707,2.2494634592029086,43.275506057094056,2.8213845400171254,0.9975143485267937,0.10155739024738866,20.94851743828656,2.799917579070498,995.5621236812889,60,0.2855136060024961
experiments,nsga2,e6_etam1000,1,87.83898766755782,1.2317176399260814,43.8667442031907,2.657828721943589,0.9934212508646233,0.23384161913845006,3.4858016272590167,0.7313061111198103,989.2650992651313,60,0.26693021499886527
experiments,nsga2,e6_etam1000,2,56.36681442350466,1.9003299577124897,43.26256618934115,2.860037318710214,0.9988813186325934,0.10820880185482497,19.69132237511007,0.592676855641737,980.9016033660321,60,0.2786013620025187
experiments,nsga2,e6_etam1000,3,90.83046018571054,1.2253765620253103,44.50897849481651,2.6037432169287538,0.9908011708622272,0.23696283720924774,3.120873994876713,1.178434321342073,915.4034813918771,60,0.29665746099999524
experiments,nsga2,e6_etam1000,4,45.30419807469716,2.522903130697949,45.30419807469716,2.522903130697949,0.998670832873562,0.08461369333344743,25.027586620031958,0.752080023363714,995.3651076170097,60,0.25896353499774705
experiments,nsga2,e6_etam1000,5,84.53283906116762,1.271542630270688,43.483959226204185,2.690915582909954,0.9930950301188703,0.2426728680845793,3.3167809649961644,0.9115763751103376,919.0079518721698,60,0.2644748509992496
experiments,nsga2,e6_etam1000,6,74.62397700674472,1.40345995839166,43.189931968079975,2.7224504238057126,0.994098766335471,0.2774912587679925,3.4230281845881194,0.612845657513637,965.2285593651941,60,0.28262810000160243
experiments,nsga2,e6_etam1000,7,88.39069510028676,1.2355677682744228,44.17311530949028,2.6217272334805863,0.9931539572532084,0.2392772326551116,3.3068648946658366,1.1982241708819554,979.9177034961734,60,0.2842682920017978
experiments,nsga2,e6_etam1000,8,86.27304426217708,1.2449306824597113,44.30024301012504,2.6120099249627318,0.9955289210535758,0.23213222594002175,3.6722660149353965,0.9025452075573136,975.3658287346937,60,0.2675419810002495
experiments,nsga2,e6_etam1000,9,90.00056537994669,1.2026468040344713,44.71100434403357,2.5592606545025434,0.992124532252843,0.2397111800996767,3.106139076118376,0.5865442224506638,972.3688034259164,60,0.28759724300107337
experiments,nsga2,e6_etam1000,10,77.45653249005152,1.3624635787216612,43.08054870333018,2.7351341041645747,0.9965615640073359,0.23138037772825423,4.240431655989192,0.9306387591720113,964.2153344630783,60,0.3221715450017655
experiments,nsga2,e6_etam1000,11,92.6798662376147,1.1745658421309164,44.11096695667172,2.6357622094332838,0.9942661314625516,0.23647551533401717,3.3795352283097686,0.5830735303419396,922.9421208466636,60,0.2960367640007462
experiments,nsga2,e6_etam1000,12,49.22369176370476,2.280412138834944,43.17044220600824,2.8026726345489053,0.9982379280941619,0.10667905181177313,20.64321362033638,1.491743391479334,928.6113991112072,60,0.2698214560004999
experiments,nsga2,e6_etam1000,13,43.69191388670458,2.752629594085672,43.69191388670458,2.752629594085672,0.9987996241616529,0.020307851938329416,47.40728833980036,0.7430642715861531,987.5357098712993,60,0.28524098100024275
experiments,nsga2,e6_etam1000,14,53.07317216175746,2.040612023545047,41.07011194139668,3.0206063698001313,0.9989864566449623,0.08774770051958077,23.406363168287353,0.5680019937084096,995.9723348539871,60,0.287084200001118
experiments,nsga2,e6_etam1000,15,88.29523235813188,1.2407705341029391,44.510532868232595,2.610275449582679,0.994579827776499,0.23601667914065477,3.571171964573182,2.309019562541316,990.8222819969365,60,0.3346230110000761
experiments,nsga2,e6_etam1000,16,49.79410583945109,2.327967434078899,43.30371810001731,2.7626219204837117,0.9986584793872914,0.12683067669097764,16.979684426454405,0.7663415080423628,993.165416254629,60,0.2748634730014601
experiments,nsga2,e6_etam1000,17,59.15002937753766,1.8034025537974692,42.61266626663217,2.7889138098614716,0.9982612332665796,0.19378574752732458,8.505057676067539,0.8689450827626393,881.6746182658413,60,0.3342951220001851
experiments,nsga2,e6_etam1000,18,87.80629490122548,1.2122968756158115,42.04298989149105,2.8449535222488738,0.9924072555085152,0.24585249360922015,3.119728026043707,0.7117737482780518,985.544805434964,60,0.2781955389982613
experiments,nsga2,e6_etam1000,19,97.01905869703714,1.131248987231985,43.20734669276295,2.7354926112018725,0.9912826205579249,0.23745111562418011,3.0393811804533066,0.6559840999745832,996.0887977217697,60,0.2816766739997547
experiments,nsga2,e6_etam1000,42,77.91651186944156,1.373504662459482,43.14785451524583,2.7088036275631553,0.9973592090082706,0.221596670550279,4.820260560248103,0.6594064551734777,965.6822429282284,60,0.28126504300234956
experiments,nsga3,e6_etam1000,0,70.98692026853891,1.4742524789028213,47.49621054008593,2.363663335560227,0.9914342179350467,0.29120575352052924,3.5634011730983586,0.7976559852823636,984.5166570691885,13,0.3492810229981842
experiments,nsga3,e6_etam1000,1,81.90040116336544,1.2845846724639487,49.76861710393733,2.225773892773903,0.9934036099736032,0.25698871935674683,3.955344442902054,0.6715679371159886,997.5353317436815,13,0.3608328599984816
experiments,nsga3,e6_etam1000,2,89.63418860950496,1.1940236430925613,40.82765593468025,3.1232875664231363,0.9909343429887034,0.2609530300923021,3.1232875664231363,0.688247682268528,992.1276924663298,13,0.38078275700172526
experiments,nsga3,e6_etam1000,3,66.77012805572416,1.604123709214897,44.78113406846309,2.5864514135611696,0.9947205049519495,0.26216899993440357,5.58594564728111,1.6896175138018148,939.2237485633634,13,0.3289888319995953
experiments,nsga3,e6_etam1000,4,72.21686550561803,1.462411431058108,47.057320315669706,2.390197931401972,0.9931062461555968,0.26599938832564335,4.328980581131335,0.8695436227111251,969.3309935862663,13,0.3847659669991117
experiments,nsga3,e6_etam1000,5,76.31609868663143,1.3964690531655235,48.23563622782947,2.360705620252461,0.9904167832559058,0.2818149092839157,3.508312262929482,0.7905740826537359,935.2209704565955,13,0.3536217830005626
experiments,nsga3,e6_etam1000,6,77.57044325505775,1.359257899351465,48.74288890301155,2.3018524136948457,0.9934322904786285,0.26831862974532217,3.6621255845021468,1.02525983979574,947.4758248756143,13,0.321385145001841
experiments,nsga3,e6_etam1000,7,70.62379199360275,1.5045615709294995,46.84924481118904,2.448361850172053,0.9931850800094579,0.30442094185928575,3.52683791999608,0.901542932321781,993.5483545976643,13,0.34017095300077926
experiments,nsga3,e6_etam1000,8,60.005040685754444,1.7716458188827535,45.76104290877987,2.4888124104691123,0.9912728120953211,0.2515428960768762,6.768536538285889,0.6378536000086305,936.8342010388264,13,0.3743328160016972
experiments,nsga3,e6_etam1000,9,90.09665009047,1.1898331319907884,41.57765078656944,2.9367660597741256,0.9886217820865784,0.26277181193251575,2.9367660597741256,0.7396013217865667,992.8813645524024,13,0.3322231809979712
experiments,nsga3,e6_etam1000,10,63.31320814037548,1.663973291787992,44.117258051398515,2.638284959714428,0.9931571327247212,0.32905248143572907,4.068494720251281,0.862294959945429,994.5753388316429,13,0.3334430139984761
experiments,nsga3,e6_etam1000,11,71.32099844779323,1.4726055182968647,41.73842810943114,3.003159968716502,0.9870715605715259,0.32452748144758403,3.003159968716502,0.9338749579726323,983.5608111134309,13,0.35752004999812925
experiments,nsga3,e6_etam1000,12,63.9972617808837,1.6519865771792157,44.273322317574305,2.611069177069523,0.9924336746487656,0.22831983425140492,8.811408056980707,0.7886050377731991,930.4611896234801,13,0.35641916199892876
experiments,nsga3,e6_etam1000,13,68.68714913686283,1.5578304788812678,45.37540931929259,2.5172449982202787,0.9929494193481899,0.23472494418513884,7.060217683580107,0.5593125348241,943.1029936650943,13,0.37796484399950714
experiments,nsga3,e6_etam1000,14,78.79678316124757,1.3443079386152077,49.13831207856,2.260904835964005,0.9896918023653969,0.25615770774295354,4.969819960510526,0.5472170476689062,937.5715636070622,13,0.34625838400097564
experiments,nsga3,e6_etam1000,15,52.492545387946926,2.0975935283139333,45.10228816401158,2.5664988954448056,0.9937805545732372,0.23559290507775638,10.458668205250419,2.5206823334835318,992.9608402580295,13,0.3944478270022955
experiments,nsga3,e6_etam1000,16,50.15085226040951,2.196059229776521,42.97468402687549,2.7822122200683643,0.9950059342375139,0.23629651240522773,12.019591917490871,0.5843980232463398,998.0610400648093,13,0.38039467400085414
experiments,nsga3,e6_etam1000,17,84.97226662781688,1.2675436404316731,40.51734102470287,3.209636246460356,0.9918466226427504,0.2620665711564945,3.209636246460356,0.7949763329576802,992.9364856367348,13,0.3408946929994272
experiments,nsga3,e6_etam1000,18,73.02173199430855,1.4408219679119816,42.090423018697386,2.8668342376458815,0.9862015907681082,0.3213635733028867,2.8668342376458815,0.6180942667365966,986.3404948153483,13,0.38211899800080573
experiments,nsga3,e6_etam1000,19,97.10201238017949,1.1376947292577486,41.16750383718485,3.0057171718239304,0.9897201734924111,0.2602763371947852,3.0057171718239304,0.9319845204912351,972.9279890788755,13,0.43380507300025783
experiments,nsga3,e6_etam1000,42,78.04612546550983,1.3471467871931653,48.51689367408911,2.329568366945327,0.9941285409581101,0.25717494695336823,4.133149757776734,0.6347515461255137,983.9893182167089,13,0.41889871100283926
experiments,nsga2,e7_etam1e-5,0,47.3423400711169,2.3995666732667256,41.96736359894316,2.8789233401818515,0.9990798070182608,0.029101105876374055,39.36010535794738,0.5335324908870386,993.3819041055795,60,0.3288941379978496
experiments,nsga2,e7_etam1e-5,1,76.40574196432254,1.3718096349659525,43.27727655387277,2.7364925067960217,0.9976595328775395,0.21614876014906526,5.3952287017358,1.2366006235178395,995.2319334886057,60,0.38387359300031676
experiments,nsga2,e7_etam1e-5,2,50.95573448062318,2.1875206202890785,42.076094928612626,2.9050652530862835,0.9990626245369906,0.09711427560881501,21.779878996551528,0.6173848723876737,990.2526194791711,60,0.3756355040022754
experiments,nsga2,e7_etam1e-5,3,47.75788178360889,2.393264634110075,44.27876275605967,2.725010566369402,0.9988794484264225,0.06322645282254304,31.36592113721419,0.8273838481807814,996.5571632259769,60,0.35459010700287763
experiments,nsga2,e7_etam1e-5,4,45.21619269551906,2.5597826534101733,45.21619269551906,2.5597826534101733,0.9986924286810543,0.04109859720264758,43.24512410357884,0.6092110471325268,998.3630006923706,60,0.3128211880029994
experiments,nsga2,e7_etam1e-5,5,45.94271414542759,2.474989597279368,42.31407891746303,2.8122998617677593,0.9990657024538886,0.03699464635508723,37.738768715765666,0.5671044765468956,994.0432350916703,60,0.30878277499869
experiments,nsga2,e7_etam1e-5,6,47.132906764251345,2.395773278984098,42.11157011584306,2.8682936018093397,0.9991253682975891,0.09023244414778034,22.974516230284337,0.5844436976063792,999.4832288836079,60,0.3164568819993292
experiments,nsga2,e7_etam1e-5,7,43.62878692596601,2.7076725594160687,43.62878692596601,2.7076725594160687,0.9989023234734371,0.052167705065742406,35.214464681310034,0.86672391861837,996.5945703949258,60,0.31798428599722683
experiments,nsga2,e7_etam1e-5,8,83.96808041184498,1.2727375932950558,42.978166151868855,2.72419767778406,0.9969431241439823,0.2254534507032384,4.415355282560105,0.6553580833229093,997.815216877018,60,0.31285611799830804
experiments,nsga2,e7_etam1e-5,9,50.9744951552262,2.260639819704337,44.638817222854584,2.6785671848471426,0.9990912281082761,0.07350106323947145,26.222527055855195,0.5816760831346137,978.3523924423587,60,0.3139633179998782
experiments,nsga2,e7_etam1e-5,10,46.90075364081287,2.40340112674845,46.90075364081287,2.40340112674845,0.9988886039306086,0.04430450611614047,40.547532097321245,0.8182661565936235,998.8105758019511,60,0.33674187299766345
experiments,nsga2,e7_etam1e-5,11,48.177107852262644,2.381900032907126,41.52560786476997,2.938478131157244,0.9987770648388632,0.043101383612496054,37.054663974410296,0.707139271180788,986.401952600887,60,0.33152737300042645
experiments,nsga2,e7_etam1e-5,12,58.193345211271506,1.8781367575974282,44.61870023377037,2.5680486159823284,0.9984708820435637,0.1645446120159686,11.67384529354687,0.79384207240855,969.7744852161179,60,0.3343148280000605
experiments,nsga2,e7_etam1e-5,13,52.804351694081554,2.104160782310437,44.12307933348442,2.614489161467761,0.999056944551871,0.11314559710619881,19.25538692571431,0.5192065890166533,991.7556348843949,60,0.3134504340014246
experiments,nsga2,e7_etam1e-5,14,51.910877530999684,2.114841599267473,43.7014856913885,2.6900057999650633,0.9982877114783308,0.14093368296216596,15.074666187209068,0.5811647604516115,984.5820325911632,60,0.30802388500160305
experiments,nsga2,e7_etam1e-5,15,86.18240930312072,1.2359310223416242,43.504157174734175,2.6757971108622343,0.994109453348453,0.23487588381636731,3.396582932629797,1.29974238450434,995.3175013271814,60,0.3121603449981194
experiments,nsga2,e7_etam1e-5,16,46.96790105707872,2.4105690487829863,43.01909251022548,2.811017483321,0.9990601217058436,0.05042975907758454,38.4343881279777,0.5746071501592531,997.0713731865415,60,0.3355631420017744
experiments,nsga2,e7_etam1e-5,17,66.1601474521374,1.6030878828783643,41.63985783681195,2.9118005477632174,0.998806691990271,0.1592686145166218,12.263262100206186,0.5426580807798069,983.7591276115689,60,0.3216931380011374
experiments,nsga2,e7_etam1e-5,18,46.72445517218315,2.4170761984693536,42.43905717289148,2.841434986339524,0.9990716670696961,0.03495308691746749,37.194158592076164,0.6353029617193369,982.7352702943215,60,0.3354987140010053
experiments,nsga2,e7_etam1e-5,19,48.34160719699317,2.4103005077594526,44.30357101180753,2.723060883859004,0.9986071931209282,0.07986953154259115,27.716879533283027,1.9939494943579916,994.5077594423701,60,0.3318898599973181
experiments,nsga2,e7_etam1e-5,42,45.32433209395916,2.6292071253331093,45.32433209395916,2.6292071253331093,0.9988910211349062,0.05520007101911585,30.525216510029523,0.5852651798908113,971.3848413140684,60,0.45346231599978637
experiments,nsga3,e7_etam1e-5,0,62.32683523078608,1.702025645380763,43.2730631161742,2.7144819897402876,0.9959977509503309,0.26459170675316723,5.418014866895047,0.754608846599472,994.7890165890835,13,0.4124101769994013
experiments,nsga3,e7_etam1e-5,1,56.502037197457035,1.8944698152810007,43.20496990601658,2.7222698013091504,0.9924587738918881,0.214371887714311,12.64304563587492,0.619975857703309,994.4835634411553,13,0.36224435300027835
experiments,nsga3,e7_etam1e-5,2,78.08187251925777,1.356541358078933,47.75524491824734,2.342600378343464,0.9952819518494967,0.2577389418497234,4.839704969223039,0.5296858217465175,985.6190339109099,13,0.3711073810009111
experiments,nsga3,e7_etam1e-5,3,72.61869483072793,1.4435854327775415,46.416876512956804,2.4535856002173917,0.9937765819697828,0.24326466708368447,6.353691549097984,0.5488026507999972,969.0738738084556,13,0.4043625790000078
experiments,nsga3,e7_etam1e-5,4,54.04769526850986,1.9999803319733467,44.906493346828185,2.5589603873075686,0.9942729150166737,0.19975824478868578,14.490599704259676,0.6942128600897328,994.1424717793274,13,0.3967172330012545
experiments,nsga3,e7_etam1e-5,5,49.836439516760926,2.219836253089804,43.51819834994546,2.737571864212511,0.9883119014860917,0.16723288370033162,27.450466023543964,0.6017958057488657,990.9735608989699,13,0.40256941899860976
experiments,nsga3,e7_etam1e-5,6,80.59701046045005,1.3164535409833271,48.52874468336337,2.2911086235722884,0.9946569769763136,0.2584114441176324,3.7727312674571314,0.5900391897024849,979.137468549931,13,0.38219833800030756
experiments,nsga3,e7_etam1e-5,7,68.47449242517685,1.5383230055998014,46.68548600816158,2.438268515890232,0.9949534830962196,0.25479337323540696,4.653788660479079,1.1141689787813887,993.2566596218442,13,0.42199007000090205
experiments,nsga3,e7_etam1e-5,8,48.95988281894513,2.28540160869246,43.772613741587236,2.6442530237780484,0.9916133293984838,0.1743861452387888,19.286823065995428,0.7819169593215181,996.3282623680999,13,0.3915311750024557
experiments,nsga3,e7_etam1e-5,9,89.6722049520542,1.191083920794462,50.30489105790323,2.295887345713694,0.9943268044551823,0.2586219426416694,3.6877814666572184,0.5379333751783688,987.5099085680456,13,0.41705098199963686
experiments,nsga3,e7_etam1e-5,10,53.82233421031359,2.0311033644678704,44.88177846751414,2.548022208273235,0.9934609477803692,0.19635869932730443,14.538485207723731,0.5793800368589735,994.2741065021698,13,0.3938689729984617
experiments,nsga3,e7_etam1e-5,11,75.2465549907715,1.3998256991888027,48.023147117838874,2.3652885730148787,0.9934983643823503,0.2559878618980009,4.337365235950816,0.6207742777037334,933.2340718246388,13,0.3911417410017748
experiments,nsga3,e7_etam1e-5,12,69.32932732289305,1.5185046362677759,45.884086389500965,2.475277396165316,0.9919139442740501,0.24228638729526833,7.047566042189413,0.5269520129276232,997.6559211450325,13,0.42832101800013334
experiments,nsga3,e7_etam1e-5,13,58.335458958466724,1.82329783947334,43.34194678236496,2.763516144556798,0.9949767722556416,0.22415595653437181,10.38077405425149,0.5346169418769685,981.2152696762175,13,0.408614823998505
experiments,nsga3,e7_etam1e-5,14,96.82244242463692,1.1312781220839054,43.000454600092766,2.716453835373759,0.9839108298961452,0.26351390878075115,2.716453835373759,0.6901561336796499,993.053893304608,13,0.36311755800124956
experiments,nsga3,e7_etam1e-5,15,70.76860438397503,1.4811741330330253,45.97226275372225,2.4730518478377475,0.9950070927344247,0.24540607780119347,6.857397631494472,0.6492477532750199,993.274317842486,13,0.39109569400170585
experiments,nsga3,e7_etam1e-5,16,78.87566478670153,1.3391418226520488,48.16751653797648,2.3131828524108973,0.9949175678002921,0.25290663744236175,4.714942667425078,0.71514400343309,995.1406430945507,13,0.4303023579996079
experiments,nsga3,e7_etam1e-5,17,50.35234525654156,2.183237785149258,45.13054874786453,2.5246962266874173,0.99458092097621,0.1876993862986243,16.592848878204908,0.8015260850036997,983.8362371384336,13,0.413383157003409
experiments,nsga3,e7_etam1e-5,18,43.39864405166525,2.6809249666447013,43.39864405166525,2.6809249666447013,0.9929809619197377,0.15271980489959602,30.715760051996842,0.5646515933732448,983.9031574837206,13,0.3846704770003271
experiments,nsga3,e7_etam1e-5,19,65.09605448601457,1.6338472227015148,45.318005051591896,2.6305022069024497,0.9938232494171558,0.23738487709422418,7.474711672675819,0.617621667039222,982.6722267645911,13,0.3526648219994968
experiments,nsga3,e7_etam1e-5,42,72.34762759142622,1.4494884713223102,47.016141597463736,2.3910610081202495,0.9918072304011055,0.2676889599862208,4.358579167809936,1.0771696786217757,986.3463084193056,13,0.38297019499805174
suggested,nsga2,s1_pm_per_var,0,43.57098127004936,2.7982931637085713,43.57098127004936,2.7982931637085713,0.998873309102348,0.05648954488314372,30.486039884838615,0.6657037871381694,992.9017851857534,60,0.2704880410019541
suggested,nsga2,s1_pm_per_var,1,56.58243690768613,1.888041687565963,44.88136347947277,2.6110956137664365,0.9983924022131578,0.1565272433003607,12.715879906984675,1.3006500520945323,997.1813599455973,60,0.273911087999295
suggested,nsga2,s1_pm_per_var,2,49.84727975185627,2.2433715760813864,49.84727975185627,2.2433715760813864,0.9987344988593098,0.030437827167747553,48.55260737624932,0.8052452640907507,992.8628242744487,60,0.2718673339986708
suggested,nsga2,s1_pm_per_var,3,43.95702371875208,2.756275292089178,43.95702371875208,2.756275292089178,0.9989025183332944,0.018392737983919338,44.23908014176687,0.5454129542968504,995.972314914215,60,0.274906529000873
suggested,nsga2,s1_pm_per_var,4,45.890718230309254,2.475941962262611,42.29592740241364,2.8089237273306544,0.9988617069865546,0.03489847593908828,44.96652378311354,0.89604830646498,998.3193550543658,60,0.2656954769990989
suggested,nsga2,s1_pm_per_var,5,80.25323793634392,1.323566479193776,43.26482278109979,2.7150434788204114,0.9978970166337087,0.21298542595233758,5.7314304682087185,0.706835395158863,990.2860510074636,60,0.2803674949973356
suggested,nsga2,s1_pm_per_var,6,41.41182632154533,2.9582629678578782,41.41182632154533,2.9582629678578782,0.9988622148385335,0.029325087950578227,46.22362177977993,0.5864451176467946,986.6807539357204,60,0.28877695099799894
suggested,nsga2,s1_pm_per_var,7,42.40881373243836,2.8663862629237062,42.40881373243836,2.8663862629237062,0.9986198389928962,0.011469307278392984,52.205593229833696,0.5561132520748442,987.4099300040334,60,0.2755158879990631
suggested,nsga2,s1_pm_per_var,8,94.12423668154898,1.1483712779915651,44.659403086647735,2.565721078176476,0.9937894691957058,0.23561123628551206,3.2580547901666925,0.6692408523226281,978.336723462525,60,0.27519550600118237
suggested,nsga2,s1_pm_per_var,9,88.18092634476088,1.2057455710295382,43.88368613039243,2.627156791228526,0.9920369176152835,0.23726354056706386,3.0744581491375795,0.554757826510209,990.7954588105271,60,0.2831947669983492
suggested,nsga2,s1_pm_per_var,10,81.02784804378337,1.3022616522731771,43.316811336508714,2.6796996364406875,0.9961919374953256,0.23014846241463832,3.8628626595133357,0.954895728031753,995.6804632329761,60,0.2702053330031049
suggested,nsga2,s1_pm_per_var,11,48.14373893883469,2.325980911613177,44.582370116599186,2.7717458683301697,0.999057565443051,0.029941704305847503,38.96108825803611,0.5638625664662013,980.047156751559,60,0.3099859149988333
suggested,nsga2,s1_pm_per_var,12,51.52457208920729,2.154683410392792,42.33809579600585,2.8881433743276888,0.9991526250655645,0.09686161657352443,21.633117946576228,0.9846804428087297,995.5732043209883,60,0.2962718879971362
suggested,nsga2,s1_pm_per_var,13,43.016821069797004,2.8069409058271386,43.016821069797004,2.8069409058271386,0.9984844207359644,0.0183297973080848,43.27247047257716,0.5146950015862091,988.9185366222788,60,0.2972742839992861
suggested,nsga2,s1_pm_per_var,14,49.535851249895295,2.280673912145468,41.6680705032994,2.931558819525703,0.9990973354279628,0.053865282526082206,31.44199426475537,0.5389327168591649,997.4977999130649,60,0.2859476010016806
suggested,nsga2,s1_pm_per_var,15,82.58445355154248,1.276247901844849,43.8762432978833,2.7067185357466483,0.9956334007151572,0.23187841818487262,3.6392999354250724,0.676484785302623,996.134736482132,60,0.2886065040001995
suggested,nsga2,s1_pm_per_var,16,81.00417952695534,1.32944171699301,43.74927729253272,2.670045180192724,0.997415457302634,0.21913140132248296,5.0903229716149525,1.7800601660915754,991.8368685417636,60,0.3208876069984399
suggested,nsga2,s1_pm_per_var,17,83.29146586035714,1.2693224897786342,42.773847999013135,2.74970022068748,0.9965624826510786,0.22914390351051478,3.9574733322600038,0.6179399099618211,976.2354133319151,60,0.35428530699937255
suggested,nsga2,s1_pm_per_var,18,50.772187739069274,2.195357178436976,44.28043461612246,2.7311735503139327,0.9989888798835662,0.07435706839358429,26.246945740262674,0.8933987870434087,989.2157972272751,60,0.2830661979969591
suggested,nsga2,s1_pm_per_var,19,50.77787908584771,2.2150180216251387,41.42387806395235,2.95483456895458,0.9991879744896475,0.10118008504104548,20.89965318740074,0.7951241663333076,993.7788639515288,60,0.29103968699928373
suggested,nsga2,s1_pm_per_var,42,77.95488319335755,1.3485525779894918,44.540937758095495,2.572032490881128,0.9972307024850026,0.22485743877267483,4.446845556145715,0.9580896176883797,990.506695973532,60,0.2896380579986726
suggested,nsga3,s1_pm_per_var,0,67.09561800181825,1.5676557980369357,44.4225526246619,2.588590787963651,0.9949392444043252,0.23805010274620508,7.957885769337422,0.8680588436363897,995.1790606311077,13,0.35894076399927144
suggested,nsga3,s1_pm_per_var,1,95.99511280496155,1.1290425289712431,43.292034216856315,2.7646961367528236,0.982972575839049,0.26359051673059086,2.7646961367528236,0.7101610307484285,995.9523923369267,13,0.3730291439969733
suggested,nsga3,s1_pm_per_var,2,91.58868113127731,1.1756056373499704,40.9757834350495,3.1539147085290278,0.9903477196255184,0.2647541492868893,3.1539147085290278,1.0321497601100171,994.1964112166634,13,0.3461317310029699
suggested,nsga3,s1_pm_per_var,3,90.35620265005528,1.185092798839665,40.39479929219936,3.2567739263957685,0.9922331797568859,0.26648657423513583,3.2567739263957685,0.7045716753269551,998.4628328185582,13,0.35417999400306144
suggested,nsga3,s1_pm_per_var,4,79.64308727092705,1.3251454398476339,48.629167757405355,2.3191943831698922,0.9940916841237625,0.26142654679214883,4.845696418597879,0.9088817625238208,977.6996406774956,13,0.3494579670004896
suggested,nsga3,s1_pm_per_var,5,92.16165578867547,1.1686549397391028,41.175545534702714,3.0439604185855202,0.9898141117102498,0.2633280587597001,3.0439604185855202,0.8178224481278461,997.1811597441081,13,0.3595722019999812
suggested,nsga3,s1_pm_per_var,6,87.63705645074879,1.2274489454246744,39.85344092486548,3.5412227286069076,0.9938627399054054,0.2624002119499075,3.5412227286069076,1.2630385663278272,995.2006159196752,13,0.35108239100009087
suggested,nsga3,s1_pm_per_var,7,88.2631107702947,1.2096349724795612,40.863983624764714,3.2471245714172303,0.9907244835774853,0.25980461067958033,3.2471245714172303,2.042892453307863,987.6809575152282,13,0.36954966800112743
suggested,nsga3,s1_pm_per_var,8,63.80379459379931,1.646870925180344,44.229940419279885,2.63222249637326,0.9921785346329834,0.2211343906769836,9.323028056515719,0.7752099610135076,993.8182392893642,13,0.437300764999236
suggested,nsga3,s1_pm_per_var,9,94.84743725000588,1.150931741067631,41.67084593099411,2.9322117429274677,0.9882248328166728,0.26722100274598226,2.9322117429274677,0.5524927783628877,996.0070169401955,13,0.35700802999781445
suggested,nsga3,s1_pm_per_var,10,61.90872727486707,1.7088713184786937,44.408152079464195,2.659876766407788,0.9953775575421392,0.24078289582159065,7.1841405282230815,0.6144338222110388,990.5149703651834,13,0.37081946800026344
suggested,nsga3,s1_pm_per_var,11,45.72137088036867,2.4895756616859455,44.23504174490683,2.60353973946822,0.9904462864962132,0.14753317154409962,28.452550134514716,0.8145997742813724,976.4317424824716,12,0.344223736999993
suggested,nsga3,s1_pm_per_var,12,69.37110588978524,1.528152693597609,45.15378866226557,2.55740986888438,0.9957806048898535,0.2480735795268771,5.885258459695377,0.827840133301744,986.5128187691679,13,0.3659134340014134
suggested,nsga3,s1_pm_per_var,13,49.23014050395804,2.263330922194647,44.53699532988887,2.5713126155426322,0.992322788767864,0.16010364727472767,24.46864317143008,0.6014386917236086,983.4546063636386,13,0.34662644100171747
suggested,nsga3,s1_pm_per_var,14,65.55332459319759,1.600280188971992,44.29354999762292,2.5954863625822817,0.9931764563641564,0.23579566821179151,9.528385771242924,0.6045101587984517,996.0327498724594,13,0.3035504409999703
suggested,nsga3,s1_pm_per_var,15,86.66309462264974,1.2295527278982228,41.20593916799104,3.1088199152853573,0.989737099070354,0.2609870530474274,3.1088199152853573,1.3776432345580818,993.8434516393177,13,0.3347437099982926
suggested,nsga3,s1_pm_per_var,16,57.257464866782854,1.8664012418737312,43.883112047533274,2.742317750416044,0.9956606444232176,0.25555450175079336,7.2112637894815474,0.7733437110666894,997.015889903148,13,0.3428659150013118
suggested,nsga3,s1_pm_per_var,17,90.8036995305311,1.1776214684524697,41.408915199458455,2.9980850017668668,0.9890642704121825,0.26230055589557755,2.9980850017668668,0.7839843340298298,974.4693342927335,13,0.3292513830019743
suggested,nsga3,s1_pm_per_var,18,68.2139375228881,1.5374571744384546,44.99011023515839,2.556490419458052,0.9948742008656125,0.2396862597829246,7.231454079173954,1.1115286007039298,993.1131376713626,13,0.3335558939979819
suggested,nsga3,s1_pm_per_var,19,88.71873310840436,1.2095470743629135,41.12507682173586,3.085212880426708,0.9900269025614703,0.2600129978248702,3.085212880426708,1.7431056133616534,987.0895366763499,13,0.2954813649994321
suggested,nsga3,s1_pm_per_var,42,83.91827278288652,1.2603703029580293,50.05441415174974,2.208468951338228,0.9937814081372174,0.26235571209808073,4.037991369246944,0.9327886504621404,983.3430321525913,13,0.32348924200050533
suggested,nsga3,s2_partitions30,0,42.772167648370065,2.7517701273843764,42.772167648370065,2.7517701273843764,0.9937234777262152,0.15040581975848316,32.349541966354664,0.6636705931948295,989.1832844882802,29,0.34820429899991723
suggested,nsga3,s2_partitions30,1,90.92248266733937,1.181415909618321,41.80324668830409,2.977115647552837,0.9885396317318853,0.24867225607632498,2.977115647552837,1.2227205368088492,996.3559810377899,31,0.33563140600017505
suggested,nsga3,s2_partitions30,2,93.80295198845103,1.1523255258556149,42.19989636997988,2.858139730065812,0.9872826559139414,0.24908098995495723,2.858139730065812,0.7291889524107948,979.369774631466,31,0.3491141560007236
suggested,nsga3,s2_partitions30,3,72.54827372490675,1.4538684762270988,43.75156683113658,2.726218068790189,0.9944168450308944,0.23771875828875175,4.854057838171087,1.2696475151238962,971.1879769425418,31,0.34638561100291554
suggested,nsga3,s2_partitions30,4,75.72665176917621,1.381866250883243,43.31489073608815,2.7559207291604286,0.9957494270408491,0.2513249341202407,4.184746048539103,0.5251897979104889,991.6441683556513,31,0.37085487799777184
suggested,nsga3,s2_partitions30,5,87.8939798114822,1.208761175008304,41.41667602365657,2.9685838235920885,0.9897737285564479,0.2534706169549885,2.9685838235920885,0.8617016596475833,996.052105577634,31,0.34300790800261893
suggested,nsga3,s2_partitions30,6,80.70019139362566,1.3034996286595113,43.258411738421245,2.7400693682177466,0.9940000289767548,0.2567584807319636,3.6563071896724524,0.6562427965006383,979.7649449202811,30,0.3518330650003918
suggested,nsga3,s2_partitions30,7,81.00995328266822,1.305394649869982,44.75673638486957,2.5852265393347973,0.9946536099050439,0.24660403396596026,3.584509744482375,0.9453795744281763,990.2222849790459,31,0.36485632300173165
suggested,nsga3,s2_partitions30,8,87.24328458456306,1.2167738054772428,46.8996479313897,2.3987173373919317,0.9889807519215186,0.24469587883172983,3.4416386728325454,0.7632671143822553,992.6476163642549,31,0.3628129720018478
suggested,nsga3,s2_partitions30,9,91.18136328079818,1.1753412371687944,41.512932573837524,2.9718927109673943,0.9895877331857399,0.24824851426005823,2.9718927109673943,0.746898991532582,997.5511305829534,31,0.3701908600014576
suggested,nsga3,s2_partitions30,10,59.33509781093249,1.7946072232500492,44.59154946139442,2.5725533158224154,0.9928536434878803,0.35015890208184564,3.9464334013039655,0.6560249341414095,998.8838064882813,31,0.3393583610013593
suggested,nsga3,s2_partitions30,11,77.92705711786736,1.3472010195730022,45.33621415324753,2.5167709917205174,0.9884778736553913,0.2864827299951906,3.100435341692524,0.8901030719289953,997.2735998101514,31,0.3725021270001889
suggested,nsga3,s2_partitions30,12,47.309024998869475,2.383319797308028,44.14731886923988,2.605927105905986,0.9896711065000842,0.14473604457180353,25.08937380775822,0.6076108301938867,909.071743012442,28,0.33652153799994267
suggested,nsga3,s2_partitions30,13,69.68426582622178,1.5002685736170385,44.588660463282196,2.5706548484590885,0.9957592812134234,0.2662323972120768,4.5978932646611534,0.7186707787688627,975.9564593250233,31,0.3431386090014712
suggested,nsga3,s2_partitions30,14,96.0739187472294,1.1246101140814635,41.21655972709299,3.0183672242727426,0.9904750450542088,0.24849370790007658,3.0183672242727426,0.6279998776069766,999.0657558602758,31,0.39507990299898665
suggested,nsga3,s2_partitions30,15,78.28667627663363,1.3506700438722892,45.1293991994589,2.6699609736542436,0.989785590341603,0.28920170789167327,3.085784463202095,1.618724390373127,972.722250082956,30,0.3478304649979691
suggested,nsga3,s2_partitions30,16,78.69271480945334,1.3324012180143312,43.26143086706382,2.715878688642353,0.9960944416727925,0.24591386336733445,4.10486366117813,0.6409917409605188,996.6404860120516,29,0.3429372999999032
suggested,nsga3,s2_partitions30,17,82.32168013488817,1.2849038842982718,41.23180139275864,2.9948926644515748,0.9899304711346303,0.2675231000127814,2.9948926644515748,0.780129642437656,989.4925593870804,31,0.3652975320001133
suggested,nsga3,s2_partitions30,18,89.2332293196279,1.1960479889182403,47.15824511302556,2.4043463390056967,0.9898011198179293,0.24899636616869159,3.046693707374576,0.6305430577320436,995.2087242156363,31,0.3768392810015939
suggested,nsga3,s2_partitions30,19,83.36787895786836,1.266262698807849,45.35717437732708,2.5260027794131608,0.9893181582825971,0.27681832604163986,3.0299868304558757,1.1645689598686069,975.3055693421006,30,0.4008093260017631
suggested,nsga3,s2_partitions30,42,72.79364330948476,1.4428646290504696,44.175236222794034,2.613582899030724,0.9918650603814098,0.2468004973730503,4.519028965923867,0.624936606194896,990.0946439011643,31,0.37377028400078416
