algo,exp,n_runs,knee_time_mean,knee_time_std,knee_time_min,knee_time_max,knee_risk_mean,knee_risk_std,knee_risk_min,knee_risk_max,knee_fixed_time_mean,knee_fixed_time_std,knee_fixed_time_min,knee_fixed_time_max,knee_fixed_risk_mean,knee_fixed_risk_std,knee_fixed_risk_min,knee_fixed_risk_max,hv_ratio_mean,hv_ratio_std,hv_ratio_min,hv_ratio_max,igd_mean,igd_std,igd_min,igd_max,risk_max_mean,risk_max_std,risk_max_min,risk_max_max,k_steer_median_mean,k_steer_median_std,k_steer_median_min,k_steer_median_max,q_r_ratio_median_mean,q_r_ratio_median_std,q_r_ratio_median_min,q_r_ratio_median_max,seed42_knee_time
nsga2,e1_baseline,21,71.84098404110543,17.933982884216658,42.93417531879857,93.27015414823612,1.6421675440245262,0.5563798345689492,1.1525792801515238,2.804428830832376,43.20056138721438,1.0918660296064284,41.217340250020484,44.895716717621404,2.746420048595515,0.13173277740299527,2.54411902908208,3.019246648179993,0.9964660744425015,0.002467226919116067,0.9908344703880914,0.999003293578282,0.17399629795032767,0.08213230318645749,0.021623389426552807,0.24505516191207902,13.083269013578652,14.141578409906321,3.001397912297971,43.26701478175609,0.9016577851403194,0.4216531974794667,0.5293072175819581,2.3379070079682283,988.0523444710421,7.91222386580512,967.5377754413478,997.8979564826031,52.31702329894845
nsga2,e2_pop1000,21,45.35557641890857,1.8517317593517153,43.456533364106654,49.522650121395884,2.513810919269567,0.13501091188402875,2.22702628746827,2.6670825840502173,43.573603363541515,0.2417715528392588,43.100781979497036,43.89322519751711,2.6541980311379616,0.024177018664363687,2.623645876375723,2.7013327382938748,0.9999069373621794,2.5815515969173165e-05,0.9998393713136076,0.9999461795779689,0.02856766209954604,0.021212319099048894,0.008185047325871839,0.08065327687430052,40.271373166726605,8.496506774456446,23.818025827562057,51.03840475426253,0.5525256620853606,0.01582995465159553,0.5252926797035868,0.5802125614446699,999.5905563188144,0.1403477241825451,999.2796323274275,999.7457678679232,43.959231288469354
nsga2,e3_gen100,21,62.242586079890394,21.9985687400435,41.18710983428472,95.16629081673557,2.09411058560298,0.7914879761716054,1.1400885072971816,2.9964443868359147,43.25193912570121,1.3958905418334628,41.1044166740755,45.47572073574472,2.7564555445838237,0.15630669207320955,2.5039708575283792,3.019738250174839,0.9974197797125273,0.002104998962858911,0.9916073970293886,0.9991561938904905,0.11835980883250585,0.10473525645590952,0.010098631265413374,0.2378555419158541,25.663522001714103,21.48338176841809,3.0527857454966356,51.92290012955545,0.581387987248973,0.12176031193329116,0.5003270612042594,0.9286330695485034,998.088494995555,1.2361867085525726,995.9273880426385,999.7368829059118,42.58187241925294
nsga2,e4_etac1000,21,74.52785111899935,9.810163730421145,57.81549502575671,92.69926345545785,1.44501472578099,0.18886812636823883,1.1659476576102896,1.8516460823655518,43.741796857736155,0.8144673658374166,42.12527060143416,45.260734598940665,2.6628393031019626,0.08070651509564855,2.520287724865044,2.8596876124299855,0.9950877174751447,0.0027904805616568275,0.9875588109112825,0.9986183267719146,0.23904698950212774,0.02340505925483444,0.196702017752692,0.29688924161629104,4.776660674410982,1.6749448850031752,3.0771514099696935,8.535716368816693,0.7249199988287661,0.33314326711274717,0.501578156501717,1.8767069298864436,991.6876580951052,7.841892441443057,967.3997144765478,999.7651850958641,84.39422011685787
nsga2,e5_etac1e-5,21,57.52746704949158,12.13506702733523,40.895574193980025,87.73929835013472,2.0260714149063714,0.5124451827145401,1.2162317143599175,3.0730314059046937,43.41185439326624,1.249681712336238,40.895574193980025,45.686463769730146,2.7717808220199602,0.149945177986795,2.4888005450429525,3.0730314059046937,0.9980711713252715,0.0011828980561825323,0.9936932820851633,0.9991024087789311,0.12947253115046972,0.0728601941693237,0.02426183900973614,0.23539451468995382,21.533408899220223,16.23246025664105,3.36652035126692,49.24862763925345,1.2948521658370264,0.3778253373616232,0.6917435856305914,2.140794288661726,980.0654205320994,13.281604709625991,940.4005878282733,996.1756616728123,65.61904689790038
nsga2,e6_etam1000,21,72.88556191574466,18.636476525633167,43.69191388670458,97.01905869703714,1.6279910865524059,0.5258957960141086,1.131248987231985,2.752629594085672,43.525016138360286,0.9470035546471018,41.07011194139668,45.30419807469716,2.7176250762349277,0.11708544382124307,2.522903130697949,3.0206063698001313,0.9955566885071195,0.0028192845699490992,0.9908011708622272,0.9989864566449623,0.18764728513358725,0.07392245377288817,0.020307851938329416,0.2774912587679925,10.867204620830071,11.65779917457229,3.0393811804533066,47.40728833980036,0.978768710814858,0.5794354859315015,0.5680019937084096,2.799917579070498,966.697205903052,33.128306911618935,881.6746182658413,996.0887977217697,77.91651186944156
nsga2,e7_etam1e-5,21,54.14343631441939,12.843488030584044,43.62878692596601,86.18240930312072,2.1720175785293683,0.44224066876377266,1.2359310223416242,2.7076725594160687,43.5041335443647,1.3934141408978677,41.52560786476997,46.90075364081287,2.733478389441287,0.13549310843250392,2.40340112674845,2.938478131157244,0.9985013782490846,0.0011389957502944091,0.994109453348453,0.9991253682975891,0.09741262999397537,0.06676789741295396,0.029101105876374055,0.23487588381636731,25.754689168438443,12.943098043033881,3.396582932629797,43.24512410357884,0.7681220591617995,0.3525461808139028,0.5192065890166533,1.9939494943579916,990.2940866167546,8.847133708013953,969.7744852161179,999.4832288836079,45.32433209395916
nsga2,s1_pm_per_var,21,61.23149339256846,18.536271316877418,41.41182632154533,94.12423668154898,2.008035091410668,0.6462127131602008,1.1483712779915651,2.9582629678578782,43.607043596403685,1.7831928494925118,41.41182632154533,49.84727975185627,2.733958243010053,0.16225772260417337,2.2433715760813864,2.9582629678578782,0.9977129844983688,0.0019216299396202946,0.9920369176152835,0.9991879744896475,0.12062360026959507,0.0921653750180595,0.011469307278392984,0.23726354056706386,23.566922087364144,18.359432328621928,3.0744581491375795,52.205593229833696,0.7887912712367521,0.30308393770362824,0.5146950015862091,1.7800601660915754,990.770099663984,6.246939144798146,976.2354133319151,998.3193550543658,77.95488319335755
nsga3,e1_baseline,21,79.10012828476377,11.764441814142657,56.61007257676019,94.32041266668544,1.3772819922175612,0.22308124119322578,1.1496214236309183,1.8881196770685504,44.05996120637257,3.213406197397757,39.96540103741867,49.657803594688964,2.7741029268764814,0.3982781647671258,2.2365842022640097,3.52667778663486,0.9914930201637607,0.002963189332868327,0.9854278540696403,0.9948660393218648,0.26116071534356206,0.016799018644539972,0.215365208976573,0.28668152751842374,4.495545499393744,2.277957297817168,2.7971346089337756,10.933565961170466,0.9140599202922546,0.5150982618687333,0.5371950791096534,2.8708713334471105,981.2013517472104,15.745424259889147,938.5396133574434,997.4730449205426,66.15847017849687
nsga3,e2_pop1000,21,54.90183241914334,12.291080553208229,43.38974125654919,78.95361074688117,2.099207040562626,0.4728655726116107,1.3266487222450665,2.6815252480386,44.38967125779998,1.7233598675583972,42.34713105448271,48.310351466956845,2.5940059057736837,0.1367072554741525,2.3018026153702684,2.7989643302307745,0.9925445023052314,0.002265175582624205,0.9888727506119657,0.9955879437623506,0.2014676206677616,0.03567436620075036,0.16173632749325098,0.2614867378345892,24.88180403556174,15.819117663882881,4.788708383268101,52.3720009874685,0.5203108997772875,0.01086551707569788,0.5086406792392411,0.5520530447201504,998.2522781596265,0.786478983424397,996.3854522153935,999.6962491941672,76.93120707823924
nsga3,e3_gen100,21,79.76458626884609,16.300683286293665,43.9291891917316,102.52451815249688,1.4278516921237814,0.4410357815442283,1.071419578250314,2.6212153470530866,45.20667333440555,4.040434415373547,40.309127963203274,51.599170286761954,2.6679430731047455,0.40653457941849264,2.1424942254019146,3.444479751296178,0.9924531228805823,0.002384442079440925,0.9886595625122596,0.9956670497456939,0.24635609545294937,0.035507158138786965,0.14516827286461226,0.26690280896728175,7.633905645472357,9.399326558973543,2.9394165212131806,38.15957262481915,0.6948966678233217,0.49944529848456615,0.5069961441267222,2.808025868078346,995.8866802667497,4.881862508863565,983.1838098009697,999.9138580231938,65.03153780549697
nsga3,e4_etac1000,21,74.25334113968253,12.00122452433834,56.83991104066054,92.40183995062222,1.4685204179598386,0.24517788040743135,1.1640105684745756,1.9251342076221092,44.64319583322772,2.7748045286526017,41.04435488857105,49.2115098413735,2.688967377733523,0.32270221685408673,2.2790799054389375,3.4704614033286516,0.9904017277620335,0.003246684245361123,0.9848294617927928,0.9950482877226826,0.27456565425740653,0.02762599949749517,0.21671716730312796,0.32609551503597906,4.4537013927426345,2.1046011405932896,2.822075572046194,11.519396297027352,0.6571103946577973,0.138466973000911,0.5031467225531053,1.0357380592249554,989.6513841736656,11.63755963476678,955.6309565256822,999.0045632640063,73.60366437105057
nsga3,e5_etac1e-5,21,77.07030045133544,10.268870244320517,51.62027500548506,90.03305903801876,1.407560458616642,0.22570485580430238,1.1885827719467674,2.123734630616866,45.74202534424808,3.4488431380711124,40.763575081522845,50.59436984659855,2.615232806591254,0.4016393492372624,2.1992664207459414,3.489870615153138,0.991720346941485,0.0025251366698486296,0.986806610089458,0.9950055832164892,0.2525152902547547,0.016269991962043925,0.19011488531848839,0.264827483003126,5.198499323514176,2.938240532022223,2.8989826691931886,15.693079279600196,1.3100096094598281,0.44020150740615527,0.7004663335016713,2.35565026994458,970.8520360188718,12.830794632920783,937.0233782074209,991.3888478639313,87.92010346600057
nsga3,e6_etam1000,21,73.239117290362,11.872524819450684,50.15085226040951,97.10201238017949,1.4961298617475207,0.2725139233771912,1.1376947292577486,2.196059229776521,45.05282215343017,2.997762013811002,40.51734102470287,49.76861710393733,2.619857312959829,0.30012099777876755,2.225773892773903,3.209636246460356,0.9917387941076915,0.0024098411970509006,0.9862015907681082,0.9950059342375139,0.2691303988228985,0.029492357788081392,0.22831983425140492,0.32905248143572907,4.9793445572767165,2.609742762756364,2.8668342376458815,12.019591917490871,0.885126479951021,0.4468212950521308,0.5472170476689062,2.5206823334835318,971.6753906600546,25.179770574778402,930.4611896234801,998.0610400648093,78.04612546550983
nsga3,e7_etam1e-5,21,66.45296303254914,14.145981062863255,43.39864405166525,96.82244242463692,1.6961678559826663,0.41040663187528653,1.1312781220839054,2.6809249666447013,45.64291017803713,2.1056733110696335,43.000454600092766,50.30489105790323,2.527664990289147,0.15989427887276755,2.2911086235722884,2.763516144556798,0.9931680167108545,0.002727701520320631,0.9839108298961452,0.9959977509503309,0.22948951402291995,0.035835099149751484,0.15271980489959602,0.2676889599862208,10.111025316884751,7.902448855400713,2.716453835373759,30.715760051996842,0.6738276442602217,0.16307123386475686,0.5269520129276232,1.1141689787813887,986.1866653681702,14.058489421230503,933.2340718246388,997.6559211450325,72.34762759142622
nsga3,s1_pm_per_var,21,77.08341087089919,15.687705250384107,45.72137088036867,95.99511280496155,1.4598687858023556,0.37590300364176865,1.1290425289712431,2.4895756616859455,43.3715804380264,2.6344477365505132,39.85344092486548,50.05441415174974,2.817472960585624,0.3390258215778944,2.208468951338228,3.5412227286069076,0.9918874917106009,0.00310850545379164,0.982972575839049,0.9957806048898535,0.2448277241610421,0.03276925461463778,0.14753317154409962,0.26722100274598226,7.012300932293014,6.871414276595109,2.7646961367528236,28.452550134514716,0.9457379049516229,0.3817553026839132,0.5524927783628877,2.042892453307863,990.152361775131,7.349777402422255,974.4693342927335,998.4628328185582,83.91827278288652
nsga3,s2_partitions30,21,78.03935654573604,14.059679493061637,42.772167648370065,96.0739187472294,1.4359130465211205,0.40892002159778945,1.1246101140814635,2.7517701273843764,43.70856013203517,1.7648366341433719,41.21655972709299,47.15824511302556,2.7115519958493386,0.19327822514797913,2.3987173373919317,3.0183672242727426,0.9914637943586305,0.002783921436563241,0.9872826559139414,0.9960944416727925,0.25039704407426777,0.04211376831761081,0.14473604457180353,0.35015890208184564,5.9228707954526225,7.690118583508702,2.858139730065812,32.349541966354664,0.8259148296260511,0.2760776378976607,0.5251897979104889,1.618724390373127,984.9378507293839,19.652675018401673,909.071743012442,999.0657558602758,72.79364330948476
