gen,n_eval,n_solutions,hv,hv_ratio,igd,time_min,time_max,risk_min,risk_max
1,60,10,1.1785655716578411,0.9792813911182914,0.28921890049532506,43.07205820128707,190.81677812001888,0.9818148518430511,2.922498921544388
2,120,17,1.1850590711315194,0.9846769018567093,0.2773398207631808,41.61648315017353,190.81677812001888,0.9818148518430511,3.9381809380924095
3,180,29,1.1871298003775916,0.9863974905668228,0.2759932168909642,41.61648315017353,191.2823241553881,0.8282022818978139,3.9381809380924095
4,240,35,1.1877040590291414,0.9868746475656993,0.2870386879158475,41.61648315017353,178.68476489068928,0.823342646355317,3.9381809380924095
5,300,45,1.1883226959407776,0.9873886788847815,0.2746456075000541,41.6127689413098,192.14345576861882,0.8042856899155822,3.9494784050483043
6,360,60,1.1912748342231991,0.989841638782394,0.24407040060865215,41.07571570047265,265.19410225841716,0.7371550875066085,3.9357721104560888
7,420,60,1.1914733285648318,0.9900065696268694,0.24315274074456314,41.07571570047265,265.19410225841716,0.7371550875066085,3.9265044301589525
8,480,60,1.1917047275560961,0.990198841259028,0.23885734310065745,41.07571570047265,265.19410225841716,0.7371550875066085,3.9265044301589525
9,540,60,1.1920526149091997,0.9904879041837328,0.24051763621767208,41.07571570047265,254.35432471452975,0.7276760177067638,3.8251161900444366
10,600,60,1.1921585742051257,0.9905759467748382,0.2403459448708328,41.07571570047265,254.35432471452975,0.7276760177067638,3.8251161900444366
11,660,60,1.192220623215215,0.990627503890012,0.2391474629216765,41.07571570047265,254.35432471452975,0.7276760177067638,3.8251161900444366
12,720,60,1.1938753070310506,0.9920023964780866,0.20090113494990924,40.6326694148485,254.35432471452975,0.7276760177067638,8.236526757986217
13,780,60,1.1939157689452438,0.9920360166690808,0.2006070438750814,40.6326694148485,254.35432471452975,0.7276760177067638,8.236526757986217
14,840,60,1.193957527479834,0.9920707142343483,0.20026619585258357,40.6326694148485,254.35432471452975,0.7276760177067638,8.236526757986217
15,900,60,1.1940133120835512,0.9921170661944301,0.20034028801308354,40.6326694148485,254.35432471452975,0.7276760177067638,8.236526757986217
16,960,60,1.198739637836736,0.9960442154084924,0.1953322910511771,39.345684592878555,264.2052684916067,0.7234894914894515,8.420215016068088
17,1020,60,1.1994145423682565,0.9966050000304033,0.19513897076344336,39.17481426458716,263.0277450651259,0.7218803363589367,8.449629556154958
18,1080,60,1.1999642798125592,0.9970617821239522,0.20121474721175356,39.05773970034236,263.0277450651259,0.7218803363589367,7.705073344732768
19,1140,60,1.1999767495833562,0.9970721433756184,0.20110986773183234,39.05773970034236,263.0277450651259,0.7218803363589367,7.705073344732768
20,1200,60,1.1999825651800144,0.9970769756104322,0.20109223735240214,39.05773970034236,263.0277450651259,0.7218803363589367,7.705073344732768
21,1260,60,1.2002046536818365,0.9972615110679798,0.20055846651438516,39.05765507368489,264.82812985361284,0.7165012720865043,7.705080128040331
22,1320,60,1.2003129655619036,0.9973515084437198,0.19722181925318827,39.04456487267828,299.5222512619164,0.694909938422088,7.701343407308573
23,1380,60,1.2002836328730497,0.997327135632366,0.19625758682829939,39.04456487267828,299.5222512619164,0.694909938422088,7.701343407308573
24,1440,60,1.200508245204118,0.9975137681637418,0.19640964093617347,39.04456487267828,299.5222512619164,0.694909938422088,7.701343407308573
25,1500,60,1.2006195895478413,0.9976062852424998,0.19618885051018334,39.04456487267828,299.5222512619164,0.694909938422088,7.701343407308573
26,1560,60,1.2007687237505855,0.997730202276086,0.19250705082934963,39.00362435131152,299.52225127376306,0.6937016324369294,8.092638188648033
27,1620,60,1.200795556224148,0.9977524976346721,0.192235483865527,39.00362435131152,299.52225127376306,0.6937016324369294,8.092638188648033
28,1680,60,1.2011032545958134,0.9980081671508158,0.16998729279723013,38.917103114984606,299.52225127376306,0.6937016324369294,10.848551041520142
29,1740,60,1.2013799962683542,0.9982381144499592,0.06661995718628926,38.7896465632585,299.52225127376306,0.6937016324369294,31.58624107964268
30,1800,60,1.201381129416186,0.9982390559933165,0.06363096963301657,38.7896465632585,299.52225127376306,0.6937016324369294,31.58624107964268
31,1860,60,1.2017051646617398,0.9985082999740235,0.15804166378826773,38.72994949075902,299.52225127376306,0.6937016324369294,12.382643199873993
32,1920,60,1.2019756962517578,0.9987330872562801,0.11574171627728765,38.67122339565576,298.73571152327077,0.6936638572734611,18.715546272558658
33,1980,60,1.202002806760039,0.9987556136365698,0.04448396028100731,38.66557899425904,298.73571152327077,0.6936638572734611,37.171497032913365
34,2040,60,1.2019465883559801,0.9987089012276406,0.0445146854994204,38.66557899425904,298.73571152327077,0.6936638572734611,37.171497032913365
35,2100,60,1.2018884260317744,0.998660573596893,0.0445282853305806,38.66557899425904,298.73571152327077,0.6936638572734611,37.171497032913365
36,2160,60,1.2020643684338872,0.9988067658194058,0.11480249818066864,38.61172630776262,301.8142912064423,0.6908837202473632,18.718275604577762
37,2220,60,1.202103406860964,0.9988392032213579,0.11823427765406654,38.59730606706632,301.8142912064423,0.6908837202473632,18.08757609543265
38,2280,60,1.2021345352361195,0.998865068085612,0.11829932087717428,38.59730606706632,301.8142912064423,0.6908837202473632,18.08757609543265
39,2340,60,1.2022046326963705,0.9989233127349038,0.11901516217426171,38.578973156130495,301.8142912064423,0.6908837202473632,18.091165279598844
40,2400,60,1.20225348107103,0.9989639013160067,0.11947572901503101,38.578973156130495,301.8320979868974,0.6905719915321834,18.091165279598844
41,2460,60,1.202128597104064,0.9988601340349663,0.04789205564673344,38.528459968578694,301.8295636373908,0.6905719915321834,35.502679517911304
42,2520,60,1.2022616210843386,0.9989706649308181,0.04807745532481437,38.528459968578694,301.8295636373908,0.690566016961421,35.502679517911304
43,2580,60,1.202262570110591,0.9989714534857962,0.047987790796203696,38.528459968578694,301.8295636373908,0.6904832074604671,35.502679517911304
44,2640,60,1.2023225024897084,0.9990212518720775,0.04359650752148066,38.528459968578694,301.7108073764349,0.6904832074604671,35.502679517911304
45,2700,60,1.2023506405775084,0.9990446320780048,0.044078270773134136,38.528459968578694,301.7108073764349,0.6904832074604671,35.502679517911304
46,2760,60,1.2023658719834425,0.9990572879986853,0.04265367048304918,38.528459968578694,301.7108073764349,0.6904832074604671,35.502679517911304
47,2820,60,1.20246250293603,0.9991375795802068,0.05941201654675264,38.51233546361237,301.7108073764349,0.6904832074604671,30.525216510029523
48,2880,60,1.2024746344391,0.9991476597619873,0.05539406237501106,38.51233546361237,301.7108073764349,0.6904832074604671,30.525216510029523
49,2940,60,1.2023024152993862,0.9990045612337664,0.05531773421447427,38.51233546361237,301.7108073764349,0.6904832074604671,30.525216510029523
50,3000,60,1.2021657697420083,0.9988910211349062,0.05520007101911585,38.51233546361237,301.7108073764349,0.6904832074604671,30.525216510029523
