idx,v_max,a_max,w_safety,k_steer,q_r_ratio,exec_time,collision_risk,is_knee,is_knee_fixed_norm
0,2.998656618482321,1.99426787595499,0.8658768221463767,0.5351999745295556,792.663122263628,38.72944102288458,8.246575569525035,0,0
1,0.5076639248873696,0.1060965409348036,9.980122528080996,3.884215528987957,988.64799195598,295.0053688796689,0.6938507582463506,0,0
2,2.9966227078921044,1.9919572418989155,1.0049398988251972,0.6108239081314923,823.4143309476399,38.81473592407752,7.439808230423744,0,0
3,2.998367580159149,1.99426787595499,2.205112222399645,0.5444539549843299,830.409451355945,39.13627716398662,4.733545976289229,0,0
4,2.9966227078921044,1.99426787595499,0.8658768221463767,0.6108239081314923,891.6109455735797,38.767200421624594,8.230746033598455,0,0
5,0.6461724647200747,0.24998171901128485,9.990096591052477,2.013251078244947,986.556599453895,198.1600498766388,0.7894800077740326,0,0
6,2.9907969086793202,1.99426787595499,3.8408804246366848,0.9461708259858002,792.663122263628,39.79177435333179,3.7668057220913833,0,0
7,0.8929968797663953,0.15125901307675002,9.971056353728155,3.0973302838060417,979.5166147329965,181.70501994825267,0.7987885766002238,0,0
8,1.9884515792727808,0.6009999782065347,9.974466063602975,2.114420084822717,985.6042563190452,70.34454682295524,1.4963315074475352,0,0
9,2.9907969086793202,1.0463612687509205,8.55204184546011,0.8297711699069388,951.276539684179,45.724400010514465,2.554688158227914,0,0
10,0.5468911501411267,0.1060965409348036,9.987370885496727,1.6944443477559465,993.4487287993918,280.4406228077775,0.699203461527462,0,0
11,2.9848468807926785,1.9150939775482818,4.846413495822091,0.9801482362507808,966.4366209975626,40.37418563539194,3.4291072795053514,0,0
12,0.7069571492892922,0.13922678636515506,9.986988278638322,1.8430123746242764,978.2387721031643,216.64124697822706,0.7474576198404829,0,0
13,1.14020787250956,0.20073450749757502,9.982621023533772,2.3186346210874342,984.8685298234276,140.97886431293657,0.8977852091569218,0,0
14,2.6130849036266293,0.9467274593232893,9.982094572737797,2.6036007517920585,994.6433394756764,52.34699455220111,2.0990310648427255,0,0
15,0.8929968797663953,0.19862722547789535,9.979441284602458,3.674345487094957,979.5166147329965,166.05674117622212,0.82205135308257,0,0
16,1.8346077829969163,0.5766079772006595,9.982041297806262,4.37182162671483,966.3558939521819,75.71934559257957,1.3975529408427856,0,0
17,0.6461724647200747,0.1141908601760635,9.98912896444565,2.013251078244947,986.556599453895,245.7295174192267,0.7216330603532226,0,0
18,0.5620616646834412,0.11495706960771951,9.980122528080996,3.9916130467325535,993.0981433944393,268.6977761976631,0.7065563674689553,0,0
19,1.0513732627659798,0.20540260124696608,9.960075471623579,0.9721100624601304,986.8073675819837,146.98101876878002,0.8718502899561599,0,0
20,0.8393662531279715,0.2798505104291732,9.994350174010764,1.5526988161825892,991.3219864461244,158.17971185799047,0.8467636603121731,0,0
21,1.2813918009216825,0.32292389167731045,9.97730853242414,1.448218722162896,997.9502862267645,112.29002885741575,1.0090992340794833,0,0
22,0.7410180924551627,0.1449807119267611,9.984292698760898,3.3586135807771895,979.5166147329965,207.5911744322903,0.7577343013898172,0,0
23,0.6812265803532569,0.11438614945436078,9.982094572737797,2.481408686890255,994.6433394756764,237.7081191826716,0.7282389509410213,0,0
24,0.665598324069155,0.1449807119267611,9.982094572737797,3.877836828767724,979.5166147329965,222.98565098528618,0.7419315753994371,0,0
25,0.60382000644471,0.11598164912455673,9.982094572737797,3.7829698354369845,979.5323890226315,255.58402552749135,0.715667020609389,0,0
26,2.1026908075952306,0.675735182864519,9.85819030716885,1.523917402803944,963.8945334160888,65.61904689790038,1.6120021574375165,1,0
27,0.8854423288398727,0.17790606880886323,9.996236755901165,0.7288302057672823,978.297737334444,172.29197742873131,0.8089608550143673,0,0
28,0.940982102465792,0.23260806142382245,9.999635108157658,4.529035130139273,999.3825428069877,153.1684158534602,0.8492011574121193,0,0
29,2.999884638848295,1.99426787595499,2.2842819016317364,0.5255459298963547,830.409451355945,39.13938042939022,4.6563243323524866,0,0
30,1.5633561310725164,0.6423486484616496,9.76608620842588,1.1405433597206895,986.8073675819837,82.69075621402727,1.3010994041311439,0,0
31,2.800377736357626,1.0689650284941723,9.833180276795643,1.523917402803944,957.2513658632896,48.31904884884985,2.3237480939638417,0,0
32,1.1395666566891753,0.295524526665089,9.96249127773014,3.891129560378646,901.9558824342449,125.35776754360634,0.9553067529705196,0,0
33,1.1109658238953302,0.25286437812347956,9.96249127773014,2.152979240102855,901.9558824342449,132.97800403706577,0.9243216132235677,0,0
34,0.5326463090390321,0.1067271331012085,9.980122528080996,3.8798629232162543,988.64799195598,285.20873863899874,0.6980644688146813,0,0
35,2.9997562460527036,1.8981122413116978,3.043823671109678,0.5682409739959128,755.0231056789033,39.631229570640265,4.073953741793115,0,0
36,2.998367580159149,1.99426787595499,6.289576813905981,0.867893755596957,665.7764153350441,40.42630450156105,3.2908317785205328,0,0
37,2.132803931183569,1.381781533329376,9.99969499807922,1.7468630941838612,789.9814178123703,57.47295042248223,1.9998191645452645,0,0
38,0.7396980355322929,0.15513646352838648,9.982041297806262,4.37182162671483,995.0818064856106,203.51865597631985,0.7610350100849546,0,0
39,2.9907969086793202,1.998243508426368,2.609758456809335,0.5483120311427553,986.3026019526476,39.33288959319528,4.3581265572769565,0,0
40,2.800377736357626,1.0689650284941723,9.833180276795643,1.4250167255305042,938.3074723856657,48.299268713395165,2.3258571983427623,0,0
41,0.7000374269389921,0.12126282434211763,9.962241754037574,4.796639075087431,986.7087204127464,229.26301006752004,0.7373813715139912,0,0
42,2.036917159960282,0.988826009229968,8.180726804199102,0.9736627195833183,998.5080405995855,61.855751382267556,1.8281097894255878,0,0
43,2.999884638848295,1.99426787595499,2.6049722823185077,0.5497650340584362,830.409451355945,39.240431364428666,4.386858855807543,0,0
44,0.5632119918131513,0.12126282434211763,9.962241754037574,4.706527635976698,986.7087204127464,263.94852033749464,0.711454673805007,0,0
45,1.699644918481067,0.6009999782065347,9.981637134702588,3.23325233673871,985.6042563190452,79.1158958556337,1.3361993495845252,0,0
46,2.991526525245103,1.315441858531601,8.380583412712788,0.816040258115849,944.8032804558668,43.7071411622943,2.7025648857418685,0,1
47,2.998367580159149,1.99426787595499,7.992268651151752,0.867893755596957,665.7764153350441,40.93711205273478,3.121470330153471,0,0
48,0.60382000644471,0.12178054758852387,9.960543223054723,3.0590176736301737,992.9222390303388,251.32715392490633,0.7182735389663196,0,0
49,2.996542704680842,1.9185498995501413,3.043823671109678,0.5682409739959128,709.8529203595515,39.61085729867699,4.089710143046307,0,0
50,0.5159119182128381,0.1060965409348036,9.987370885496727,1.6944443477559465,993.4487287993918,291.420416747318,0.6942647381151668,0,0
51,0.940982102465792,0.1475803887465639,9.999635108157658,4.529035130139273,999.3825428069877,177.93732500060503,0.8066873210734901,0,0
52,1.2549873662194868,0.4144853479296296,9.949233039173519,1.7985950533151447,955.3068582031702,107.15287115069829,1.0507213744693717,0,0
53,1.102277821314,0.4043928066126555,9.949233039173519,1.7985950533151447,950.4031607418602,118.79415109952197,0.9922186681216314,0,0
54,2.994803267896204,1.8489108575451692,8.55204184546011,0.816040258115849,786.4236569851962,41.52858518312016,2.981596043928077,0,0
55,1.4559890003913785,0.4001886846386626,9.982041297806262,4.37182162671483,981.2918460112935,97.5390270353071,1.1208859704549388,0,0
56,0.7033931285460017,0.11438614945436078,9.975579512042339,2.481408686890255,995.0320591299775,233.0801355369915,0.7331306466715759,0,0
57,1.0875206027803719,0.2826070859707799,9.949303772595636,1.8502843491247596,950.4031607418602,130.69194587559778,0.9264749348871235,0,0
58,1.45280982535563,0.5323878986918497,9.982041297806262,4.37182162671483,992.0616149051339,91.48440728043228,1.184492148960862,0,0
59,2.344791809339669,1.0463612687509205,8.220684236800826,1.9016807594400964,961.9780871887368,55.05117961776948,2.060062277965095,0,0
