slide,algo,exp,slide_knee_time,slide_knee_risk,rows_match,knee_match,repro_knee_time,repro_knee_risk
3,nsga2,e1_baseline,52.32,2.08,5/5,✅,52.32,2.08
4,nsga2,e2_pop1000,43.96,2.62,5/5,✅,43.96,2.62
5,nsga2,e3_gen100,42.58,2.81,5/5,✅,42.58,2.81
6,nsga2,e4_etac1000,84.39,1.26,5/5,✅,84.39,1.26
7,nsga2,e5_etac1e-5,65.62,1.61,5/5,✅,65.62,1.61
8,nsga2,e6_etam1000,77.92,1.37,5/5,✅,77.92,1.37
9,nsga2,e7_etam1e-5,45.32,2.63,5/5,✅,45.32,2.63
13,nsga3,e1_baseline,66.16,1.60,5/5,✅,66.16,1.60
14,nsga3,e2_pop1000,76.93,1.36,5/5,✅,76.93,1.36
15,nsga3,e3_gen100,65.03,1.61,5/5,✅,65.03,1.61
16,nsga3,e4_etac1000,73.60,1.42,5/5,✅,73.60,1.42
17,nsga3,e5_etac1e-5,87.92,1.21,5/5,✅,87.92,1.21
18,nsga3,e6_etam1000,78.05,1.35,5/5,✅,78.05,1.35
19,nsga3,e7_etam1e-5,72.35,1.45,5/5,✅,72.35,1.45
