algo,exp,pop_size,n_gen,eta_c,eta_m,seed,knee_v_max,knee_a_max,knee_w_safety,knee_k_steer,knee_q_r_ratio,knee_exec_time,knee_risk,knee_fixed_exec_time,knee_fixed_risk,n_solutions,hv_ratio,igd,time_min,time_max,risk_min,risk_max,n_eval,runtime_sec
nsga2,e1_baseline,60,50,15.0,20.0,42,2.5755,0.9703,9.9386,1.0142,993.2679,52.317,2.0839,44.487,2.6274,60,0.999003,0.094509,38.578,293.913,0.6925,22.5175,3000,0.589
nsga2,e2_pop1000,1000,50,15.0,20.0,42,2.9996,1.3334,9.999,0.6111,993.6839,43.9592,2.617,43.3543,2.6746,1000,0.999921,0.011845,38.485,302.915,0.6877,45.798,50000,10.129
nsga2,e3_gen100,60,100,15.0,20.0,42,2.9405,1.8264,9.9967,0.5008,999.8425,42.5819,2.8104,42.5819,2.8104,60,0.998689,0.010706,38.466,301.804,0.6886,49.6842,6000,1.207
nsga2,e4_etac1000,60,50,1000.0,20.0,42,1.5737,0.565,9.9568,0.8176,990.1731,84.3942,1.2571,43.401,2.6983,60,0.994147,0.23011,40.168,281.411,0.6998,4.1624,3000,0.642
nsga2,e5_etac1e-5,60,50,1e-05,20.0,42,2.1027,0.6757,9.8582,1.5239,963.8945,65.619,1.612,43.7071,2.7026,60,0.998664,0.191109,38.729,295.005,0.6939,8.2466,3000,0.62
nsga2,e6_etam1000,60,50,15.0,1000.0,42,1.6331,0.7363,9.9981,0.5152,950.5384,77.9165,1.3735,43.1479,2.7088,60,0.997359,0.221597,39.176,296.738,0.6942,4.8203,3000,0.598
nsga2,e7_etam1e-5,60,50,15.0,1e-05,42,2.7203,1.8279,9.9532,0.5347,971.7179,45.3243,2.6292,45.3243,2.6292,60,0.998891,0.0552,38.512,301.711,0.6905,30.5252,3000,0.614
nsga3,e1_baseline,60,50,15.0,20.0,42,2.1469,0.6072,9.9514,0.6252,995.7278,66.1585,1.5978,44.2818,2.5894,13,0.991122,0.231757,40.252,259.671,0.7119,8.3588,3000,0.699
nsga3,e2_pop1000,1000,50,15.0,20.0,42,1.7477,0.602,9.9995,0.504,999.1077,76.9312,1.3593,47.5189,2.351,13,0.995588,0.259707,39.031,302.142,0.688,5.3415,50000,11.257
nsga3,e3_gen100,60,100,15.0,20.0,42,2.123,0.6745,9.9899,0.5291,988.7222,65.0315,1.615,44.3365,2.6009,13,0.992427,0.234583,39.479,297.223,0.6919,9.8536,6000,1.334
nsga3,e4_etac1000,60,50,1000.0,20.0,42,1.8081,0.6577,9.9227,0.577,999.0046,73.6037,1.4232,48.0474,2.3551,13,0.990522,0.278234,40.831,196.678,0.7824,3.8236,3000,0.659
nsga3,e5_etac1e-5,60,50,1e-05,20.0,42,1.5658,0.4796,9.9111,1.1446,989.9719,87.9201,1.213,41.4683,2.9691,13,0.988927,0.264133,41.468,249.668,0.7266,2.9691,3000,0.733
nsga3,e6_etam1000,60,50,15.0,1000.0,42,1.7075,0.6103,9.9368,0.5631,985.0642,78.0461,1.3471,48.5169,2.3296,13,0.994129,0.257175,39.679,245.767,0.7308,4.1331,3000,0.65
nsga3,e7_etam1e-5,60,50,15.0,1e-05,42,1.9073,0.6002,9.9547,1.3465,985.6569,72.3476,1.4495,47.0161,2.3911,13,0.991807,0.267689,40.396,211.843,0.7551,4.3586,3000,0.648
